filename,typ
dalle2/r05839451t.png,dalle2
dalle2/r006b0e4bt.png,dalle2
dalle2/r0191aaf4t.png,dalle2
dalle2/r01a5f38at.png,dalle2
dalle2/r01ef1b4at.png,dalle2
dalle2/r02354285t.png,dalle2
dalle2/r02f9f53et.png,dalle2
dalle2/r038922cbt.png,dalle2
dalle2/r03c8ddcft.png,dalle2
dalle2/r03d2a758t.png,dalle2
dalle2/r04160d64t.png,dalle2
dalle2/r046852c1t.png,dalle2
dalle2/r048c50d0t.png,dalle2
dalle2/r049f471dt.png,dalle2
dalle2/r04e7644dt.png,dalle2
dalle2/r052e9174t.png,dalle2
dalle2/r056c0ee6t.png,dalle2
dalle2/r059cae86t.png,dalle2
dalle2/r05f66e6dt.png,dalle2
dalle2/r05bf2f53t.png,dalle2
dalle2/r05f3bc6ct.png,dalle2
dalle2/r065472d8t.png,dalle2
dalle2/r061433aft.png,dalle2
dalle2/r06888d38t.png,dalle2
dalle2/r06c4bcb9t.png,dalle2
dalle2/r06e1a520t.png,dalle2
dalle2/r07598392t.png,dalle2
dalle2/r07b99141t.png,dalle2
dalle2/r07c47354t.png,dalle2
dalle2/r07f99a1at.png,dalle2
dalle2/r085a5f53t.png,dalle2
dalle2/r08b04f65t.png,dalle2
dalle2/r08d9a0cet.png,dalle2
dalle2/r09dc6407t.png,dalle2
dalle2/r0a0852c6t.png,dalle2
dalle2/r0a54ed98t.png,dalle2
dalle2/r0a4ce555t.png,dalle2
dalle2/r0a779af2t.png,dalle2
dalle2/r0ab7202ft.png,dalle2
dalle2/r0af5a8cct.png,dalle2
dalle2/r0b59fc2bt.png,dalle2
dalle2/r0b6e4254t.png,dalle2
dalle2/r0b735401t.png,dalle2
dalle2/r0b755540t.png,dalle2
dalle2/r0b99ac3ct.png,dalle2
dalle2/r0bc7d0eet.png,dalle2
dalle2/r0c3a8ea0t.png,dalle2
dalle2/r0d1dd61ft.png,dalle2
dalle2/r0deb6dadt.png,dalle2
dalle2/r0dff226et.png,dalle2
dalle2/r0e661e0dt.png,dalle2
dalle2/r0eba1984t.png,dalle2
dalle2/r0eb9e900t.png,dalle2
dalle2/r0ebb0bb4t.png,dalle2
dalle2/r0ebb5ca2t.png,dalle2
dalle2/r0fe270aet.png,dalle2
dalle2/r0fbd0c71t.png,dalle2
dalle2/r0fe7b1c6t.png,dalle2
dalle2/r10893508t.png,dalle2
dalle2/r10940798t.png,dalle2
dalle2/r110cc74ct.png,dalle2
dalle2/r115e2464t.png,dalle2
dalle2/r11e26097t.png,dalle2
dalle2/r126a22b8t.png,dalle2
dalle2/r12946364t.png,dalle2
dalle2/r12ed2816t.png,dalle2
dalle2/r1372056ct.png,dalle2
dalle2/r13837601t.png,dalle2
dalle2/r13c19caft.png,dalle2
dalle2/r142335f0t.png,dalle2
dalle2/r1426cde6t.png,dalle2
dalle2/r14289905t.png,dalle2
dalle2/r145221d9t.png,dalle2
dalle2/r1468a9e1t.png,dalle2
dalle2/r14902ba4t.png,dalle2
dalle2/r14bfe6f4t.png,dalle2
dalle2/r150058a4t.png,dalle2
dalle2/r16698b6et.png,dalle2
dalle2/r170df29ct.png,dalle2
dalle2/r16d46fa3t.png,dalle2
dalle2/r1717ae55t.png,dalle2
dalle2/r171d73aat.png,dalle2
dalle2/r18393aeet.png,dalle2
dalle2/r17ad56act.png,dalle2
dalle2/r18d72ab2t.png,dalle2
dalle2/r1889220ft.png,dalle2
dalle2/r18ea00c8t.png,dalle2
dalle2/r191488c6t.png,dalle2
dalle2/r19924edft.png,dalle2
dalle2/r19835fbft.png,dalle2
dalle2/r1a11b3c0t.png,dalle2
dalle2/r19fe3107t.png,dalle2
dalle2/r1a343192t.png,dalle2
dalle2/r1a485a99t.png,dalle2
dalle2/r1a9783cdt.png,dalle2
dalle2/r1a9de6e9t.png,dalle2
dalle2/r1aef663et.png,dalle2
dalle2/r1b106abdt.png,dalle2
dalle2/r1be2a3d5t.png,dalle2
dalle2/r1c4ae120t.png,dalle2
dalle2/r1c070921t.png,dalle2
dalle2/r1c6377bat.png,dalle2
dalle2/r1d53fccat.png,dalle2
dalle2/r1cde4afbt.png,dalle2
dalle2/r1e14f45ct.png,dalle2
dalle2/r1ea13eb4t.png,dalle2
dalle2/r1ebee709t.png,dalle2
dalle2/r1ead3024t.png,dalle2
dalle2/r1ef16e0dt.png,dalle2
dalle2/r1f23f4ddt.png,dalle2
dalle2/r1f3e6681t.png,dalle2
dalle2/r1f4a44a7t.png,dalle2
dalle2/r052df821t.png,dalle2
dalle2/r012d1dbet.png,dalle2
dalle2/r022af74ct.png,dalle2
dalle2/r02e1abe2t.png,dalle2
dalle2/r040b3002t.png,dalle2
dalle2/r0225b88bt.png,dalle2
dalle2/r0342f22ct.png,dalle2
dalle2/r03bf5648t.png,dalle2
dalle2/r056d6bebt.png,dalle2
dalle2/r02b7536at.png,dalle2
dalle2/r053d2196t.png,dalle2
dalle2/r02a21f6ct.png,dalle2
dalle2/r031917act.png,dalle2
dalle2/r02210c2at.png,dalle2
dalle2/r0372042dt.png,dalle2
dalle2/r038422cft.png,dalle2
dalle2/r0288b58ct.png,dalle2
dalle2/r02508493t.png,dalle2
dalle2/r0408fe9ft.png,dalle2
dalle2/r00679daet.png,dalle2
dalle2/r008a2095t.png,dalle2
dalle2/r0383e9c3t.png,dalle2
dalle2/r0356ea60t.png,dalle2
dalle2/r059ce7d0t.png,dalle2
dalle2/r063d8a61t.png,dalle2
dalle2/r066ef803t.png,dalle2
dalle2/r0676c50at.png,dalle2
dalle2/r06743f8ft.png,dalle2
dalle2/r06836fdat.png,dalle2
dalle2/r0703243bt.png,dalle2
dalle2/r070a874ct.png,dalle2
dalle2/r072421a1t.png,dalle2
dalle2/r072649fdt.png,dalle2
dalle2/r075baf3ct.png,dalle2
dalle2/r07c51648t.png,dalle2
dalle2/r07e594d6t.png,dalle2
dalle2/r07dba73ft.png,dalle2
dalle2/r07e242b7t.png,dalle2
dalle2/r08307e1at.png,dalle2
dalle2/r08996953t.png,dalle2
dalle2/r08cbbab9t.png,dalle2
dalle2/r08abaa78t.png,dalle2
dalle2/r09a79474t.png,dalle2
dalle2/r0a2e85f0t.png,dalle2
dalle2/r0a94587ft.png,dalle2
dalle2/r0a808003t.png,dalle2
dalle2/r0a9384b1t.png,dalle2
dalle2/r0ac70243t.png,dalle2
dalle2/r0b5b85d0t.png,dalle2
dalle2/r0b591bc3t.png,dalle2
dalle2/r0b841e5at.png,dalle2
dalle2/r0bbd0b0et.png,dalle2
dalle2/r0bc0e549t.png,dalle2
dalle2/r0c795771t.png,dalle2
dalle2/r0cbdc6f8t.png,dalle2
dalle2/r0c7fcc38t.png,dalle2
dalle2/r0d796d4ft.png,dalle2
dalle2/r0de97473t.png,dalle2
dalle2/r0eb07be3t.png,dalle2
dalle2/r0eea5a7et.png,dalle2
dalle2/r0f22c43ct.png,dalle2
dalle2/r0f2c63d2t.png,dalle2
dalle2/r0f38373ct.png,dalle2
dalle2/r0f3f14cbt.png,dalle2
dalle2/r0f86049ct.png,dalle2
dalle2/r10134c59t.png,dalle2
dalle2/r0fbe1b0ft.png,dalle2
dalle2/r101af5b4t.png,dalle2
dalle2/r1077d1f2t.png,dalle2
dalle2/r10f2ac48t.png,dalle2
dalle2/r110b4219t.png,dalle2
dalle2/r113402d4t.png,dalle2
dalle2/r113b7fb4t.png,dalle2
dalle2/r113ee9edt.png,dalle2
dalle2/r11a7deb7t.png,dalle2
dalle2/r1218b33at.png,dalle2
dalle2/r12c1798bt.png,dalle2
dalle2/r12a7e9b5t.png,dalle2
dalle2/r12c5f70bt.png,dalle2
dalle2/r12daa983t.png,dalle2
dalle2/r132d538et.png,dalle2
dalle2/r131a8f7et.png,dalle2
dalle2/r137f062ft.png,dalle2
dalle2/r13de1e12t.png,dalle2
dalle2/r141665bdt.png,dalle2
dalle2/r14556dabt.png,dalle2
dalle2/r144f25eet.png,dalle2
dalle2/r15028ceft.png,dalle2
dalle2/r15199ae3t.png,dalle2
dalle2/r16113cc8t.png,dalle2
dalle2/r1570dd6at.png,dalle2
dalle2/r163967d4t.png,dalle2
dalle2/r165355c0t.png,dalle2
dalle2/r1644d874t.png,dalle2
dalle2/r16654024t.png,dalle2
dalle2/r16d6c35dt.png,dalle2
dalle2/r17228bbdt.png,dalle2
dalle2/r179bb406t.png,dalle2
dalle2/r179ed8d7t.png,dalle2
dalle2/r181768b7t.png,dalle2
dalle2/r184f08dat.png,dalle2
dalle2/r187df69ft.png,dalle2
dalle2/r1934e29ft.png,dalle2
dalle2/r194c49f5t.png,dalle2
dalle2/r19be5c05t.png,dalle2
dalle2/r19d92967t.png,dalle2
dalle2/r1a57cb29t.png,dalle2
dalle2/r1a8ee526t.png,dalle2
dalle2/r1a7e4791t.png,dalle2
dalle2/r1ab0bb20t.png,dalle2
dalle2/r1ab1679et.png,dalle2
dalle2/r1b177fe1t.png,dalle2
dalle2/r1b9e9917t.png,dalle2
dalle2/r1baf2ce0t.png,dalle2
dalle2/r1c24a571t.png,dalle2
dalle2/r1c31a90bt.png,dalle2
dalle2/r1c5a4928t.png,dalle2
dalle2/r1cb7084et.png,dalle2
dalle2/r1ca2ef38t.png,dalle2
dalle2/r1d00d8ect.png,dalle2
dalle2/r1d431afft.png,dalle2
dalle2/r1d1cf607t.png,dalle2
dalle2/r1dc4077at.png,dalle2
dalle2/r1dd9d6bft.png,dalle2
dalle2/r1e504ebbt.png,dalle2
dalle2/r1e698e5dt.png,dalle2
dalle2/r1e8acc5ct.png,dalle2
dalle2/r1e9c8a5dt.png,dalle2
dalle2/r1f1178cet.png,dalle2
dalle2/r1f16e2abt.png,dalle2
dalle2/r1f2c2acft.png,dalle2
dalle2/r07df029bt.png,dalle2
dalle2/r04172edct.png,dalle2
dalle2/r01d0b83bt.png,dalle2
dalle2/r000da54ft.png,dalle2
dalle2/r08f2d4c6t.png,dalle2
dalle2/r098cf7aet.png,dalle2
dalle2/r0465565ct.png,dalle2
dalle2/r01058910t.png,dalle2
dalle2/r01c95f68t.png,dalle2
dalle2/r098a8a22t.png,dalle2
dalle2/r01b6aed6t.png,dalle2
dalle2/r07ece355t.png,dalle2
dalle2/r056f233bt.png,dalle2
dalle2/r09696ba3t.png,dalle2
dalle2/r0833f646t.png,dalle2
dalle2/r0744a10et.png,dalle2
dalle2/r0108c383t.png,dalle2
dalle2/r05d59d7ct.png,dalle2
dalle2/r069e346et.png,dalle2
dalle2/r0176fbcat.png,dalle2
dalle2/r08b41f18t.png,dalle2
dalle2/r00a940e1t.png,dalle2
dalle2/r0667a51ft.png,dalle2
dalle2/r09245347t.png,dalle2
dalle2/r06a52b7bt.png,dalle2
dalle2/r089cae91t.png,dalle2
dalle2/r07cf907dt.png,dalle2
dalle2/r00816405t.png,dalle2
dalle2/r042d7b17t.png,dalle2
dalle2/r04c566a0t.png,dalle2
dalle2/r097088c1t.png,dalle2
dalle2/r01511e3et.png,dalle2
dalle2/r01cbb7fdt.png,dalle2
dalle2/r07d5eb94t.png,dalle2
dalle2/r03ed2669t.png,dalle2
dalle2/r0417f5e3t.png,dalle2
dalle2/r0941aa38t.png,dalle2
dalle2/r0701ca45t.png,dalle2
dalle2/r08276bf9t.png,dalle2
dalle2/r00c4a543t.png,dalle2
dalle2/r033daaa0t.png,dalle2
dalle2/r03995a8ct.png,dalle2
dalle2/r05d9d749t.png,dalle2
dalle2/r0708431at.png,dalle2
dalle2/r039a5ef5t.png,dalle2
dalle2/r09b86185t.png,dalle2
dalle2/r09c15af7t.png,dalle2
dalle2/r09c8e042t.png,dalle2
dalle2/r09d7cd4et.png,dalle2
dalle2/r0a64ce0bt.png,dalle2
dalle2/r0a71c689t.png,dalle2
dalle2/r0b07b945t.png,dalle2
dalle2/r0aaa70c3t.png,dalle2
dalle2/r0ab0a205t.png,dalle2
dalle2/r0b0e2ba5t.png,dalle2
dalle2/r0b0cd69et.png,dalle2
dalle2/r0b3220e1t.png,dalle2
dalle2/r0b76b82ft.png,dalle2
dalle2/r0c925d34t.png,dalle2
dalle2/r0d280006t.png,dalle2
dalle2/r0d56c1d7t.png,dalle2
dalle2/r0d89edd8t.png,dalle2
dalle2/r0ea0825ft.png,dalle2
dalle2/r0ed844b5t.png,dalle2
dalle2/r0edb165ft.png,dalle2
dalle2/r0f1a3f00t.png,dalle2
dalle2/r0f4ece9bt.png,dalle2
dalle2/r0ff7a848t.png,dalle2
dalle2/r101eab0dt.png,dalle2
dalle2/r104153eat.png,dalle2
dalle2/r108301e3t.png,dalle2
dalle2/r108ba35et.png,dalle2
dalle2/r10a207det.png,dalle2
dalle2/r11a5b93dt.png,dalle2
dalle2/r11b292cbt.png,dalle2
dalle2/r125442fat.png,dalle2
dalle2/r128cc6fbt.png,dalle2
dalle2/r128dfb38t.png,dalle2
dalle2/r1322c4d6t.png,dalle2
dalle2/r134ba6abt.png,dalle2
dalle2/r135df877t.png,dalle2
dalle2/r13b5b161t.png,dalle2
dalle2/r13a9002bt.png,dalle2
dalle2/r13dab3c7t.png,dalle2
dalle2/r142b504bt.png,dalle2
dalle2/r14c2d3fct.png,dalle2
dalle2/r150b1b51t.png,dalle2
dalle2/r14ca1259t.png,dalle2
dalle2/r1580c37ft.png,dalle2
dalle2/r154d7294t.png,dalle2
dalle2/r1554cfadt.png,dalle2
dalle2/r1645a09ct.png,dalle2
dalle2/r16509308t.png,dalle2
dalle2/r171eeaf8t.png,dalle2
dalle2/r177dd68et.png,dalle2
dalle2/r17d11b3at.png,dalle2
dalle2/r17fe8532t.png,dalle2
dalle2/r180bcbd7t.png,dalle2
dalle2/r1810ba7at.png,dalle2
dalle2/r18798194t.png,dalle2
dalle2/r1882b6e6t.png,dalle2
dalle2/r18d9feeat.png,dalle2
dalle2/r189be0d8t.png,dalle2
dalle2/r195a5f44t.png,dalle2
dalle2/r1a2d8b02t.png,dalle2
dalle2/r198ea6a5t.png,dalle2
dalle2/r1a60a2bdt.png,dalle2
dalle2/r1a499b96t.png,dalle2
dalle2/r1a7feb2bt.png,dalle2
dalle2/r1a9acd94t.png,dalle2
dalle2/r1af60295t.png,dalle2
dalle2/r1b262b72t.png,dalle2
dalle2/r1bc355f2t.png,dalle2
dalle2/r1bc23d6et.png,dalle2
dalle2/r1c09b002t.png,dalle2
dalle2/r1bca2388t.png,dalle2
dalle2/r1c146589t.png,dalle2
dalle2/r1c4e6a62t.png,dalle2
dalle2/r1c56a2bct.png,dalle2
dalle2/r1c717a46t.png,dalle2
dalle2/r1c6b4a23t.png,dalle2
dalle2/r1c99500bt.png,dalle2
dalle2/r1ceba29dt.png,dalle2
dalle2/r1d2bb70at.png,dalle2
dalle2/r1d3bc675t.png,dalle2
dalle2/r1d679eaet.png,dalle2
dalle2/r1d79b6e7t.png,dalle2
dalle2/r1d93553ct.png,dalle2
dalle2/r1db2847et.png,dalle2
dalle2/r1db61cf8t.png,dalle2
dalle2/r1e9082f9t.png,dalle2
dalle2/r1f06581bt.png,dalle2
dalle2/r1f11809bt.png,dalle2
dalle2/r1f48d12dt.png,dalle2
dalle2/r1f4f8a51t.png,dalle2
dalle2/r007f5116t.png,dalle2
dalle2/r062b9259t.png,dalle2
dalle2/r00617aa1t.png,dalle2
dalle2/r096982ddt.png,dalle2
dalle2/r056daad2t.png,dalle2
dalle2/r00de2590t.png,dalle2
dalle2/r0589558at.png,dalle2
dalle2/r0a966704t.png,dalle2
dalle2/r04b4d5aft.png,dalle2
dalle2/r0150031ft.png,dalle2
dalle2/r01b3f004t.png,dalle2
dalle2/r0141f0c9t.png,dalle2
dalle2/r08414c5at.png,dalle2
dalle2/r008ed083t.png,dalle2
dalle2/r047aa954t.png,dalle2
dalle2/r05243256t.png,dalle2
dalle2/r02059ab4t.png,dalle2
dalle2/r05718fd6t.png,dalle2
dalle2/r084a4ccet.png,dalle2
dalle2/r019eb1cbt.png,dalle2
dalle2/r0985dc6ct.png,dalle2
dalle2/r04e818bat.png,dalle2
dalle2/r04e19833t.png,dalle2
dalle2/r09488b39t.png,dalle2
dalle2/r040bf4a5t.png,dalle2
dalle2/r0515a051t.png,dalle2
dalle2/r09d5cb41t.png,dalle2
dalle2/r00d161b7t.png,dalle2
dalle2/r09a60f63t.png,dalle2
dalle2/r017904f0t.png,dalle2
dalle2/r07ffdc87t.png,dalle2
dalle2/r087a13a6t.png,dalle2
dalle2/r0adac68bt.png,dalle2
dalle2/r02189767t.png,dalle2
dalle2/r03389e9bt.png,dalle2
dalle2/r037a250ft.png,dalle2
dalle2/r07d13149t.png,dalle2
dalle2/r0670f47ft.png,dalle2
dalle2/r042d5308t.png,dalle2
dalle2/r0279b17bt.png,dalle2
dalle2/r082626aft.png,dalle2
dalle2/r045be2act.png,dalle2
dalle2/r04c11390t.png,dalle2
dalle2/r0341853dt.png,dalle2
dalle2/r0b17fd57t.png,dalle2
dalle2/r0b42926ct.png,dalle2
dalle2/r0bc1a779t.png,dalle2
dalle2/r0bf7f938t.png,dalle2
dalle2/r0c1de5e1t.png,dalle2
dalle2/r0c9910e4t.png,dalle2
dalle2/r0e04cc91t.png,dalle2
dalle2/r0ebdd2d2t.png,dalle2
dalle2/r0f137652t.png,dalle2
dalle2/r0ed16e26t.png,dalle2
dalle2/r0f1aef1ft.png,dalle2
dalle2/r0f25b326t.png,dalle2
dalle2/r0fc39b66t.png,dalle2
dalle2/r101e18b6t.png,dalle2
dalle2/r102b4aa4t.png,dalle2
dalle2/r10944b31t.png,dalle2
dalle2/r107730b5t.png,dalle2
dalle2/r10cf67d1t.png,dalle2
dalle2/r110f894ft.png,dalle2
dalle2/r11a4e1cbt.png,dalle2
dalle2/r123c6433t.png,dalle2
dalle2/r127d47e0t.png,dalle2
dalle2/r1293f8ect.png,dalle2
dalle2/r12cbfb1et.png,dalle2
dalle2/r1328ee94t.png,dalle2
dalle2/r1344c943t.png,dalle2
dalle2/r13c85634t.png,dalle2
dalle2/r13f26c35t.png,dalle2
dalle2/r141e4467t.png,dalle2
dalle2/r1461e2d7t.png,dalle2
dalle2/r14a595b6t.png,dalle2
dalle2/r14a9a843t.png,dalle2
dalle2/r15499cd8t.png,dalle2
dalle2/r1567e512t.png,dalle2
dalle2/r15dcfacct.png,dalle2
dalle2/r15dfc1b8t.png,dalle2
dalle2/r163317d6t.png,dalle2
dalle2/r17754c77t.png,dalle2
dalle2/r179ec4e8t.png,dalle2
dalle2/r17c76042t.png,dalle2
dalle2/r1800ab47t.png,dalle2
dalle2/r186c09e4t.png,dalle2
dalle2/r18d866e1t.png,dalle2
dalle2/r1904147dt.png,dalle2
dalle2/r19183258t.png,dalle2
dalle2/r19ba7288t.png,dalle2
dalle2/r1a07dd25t.png,dalle2
dalle2/r1a170ddbt.png,dalle2
dalle2/r1a1d24b2t.png,dalle2
dalle2/r1a711e27t.png,dalle2
dalle2/r1a8fe570t.png,dalle2
dalle2/r1b165d45t.png,dalle2
dalle2/r1b17f0f0t.png,dalle2
dalle2/r1b1c1019t.png,dalle2
dalle2/r1b2765ebt.png,dalle2
dalle2/r1b32a6bct.png,dalle2
dalle2/r1bddecd6t.png,dalle2
dalle2/r1bf4e594t.png,dalle2
dalle2/r1c028de8t.png,dalle2
dalle2/r1c23e440t.png,dalle2
dalle2/r1c4d4720t.png,dalle2
dalle2/r1c4deb71t.png,dalle2
dalle2/r1ca6cc12t.png,dalle2
dalle2/r1cad9823t.png,dalle2
dalle2/r1cc04f4ft.png,dalle2
dalle2/r1cfe520bt.png,dalle2
dalle2/r1d6e15d3t.png,dalle2
dalle2/r1d9a31fct.png,dalle2
dalle2/r1de108dft.png,dalle2
dalle2/r1df374c1t.png,dalle2
dalle2/r1de76a54t.png,dalle2
dalle2/r1eaa5d42t.png,dalle2
dalle2/r1f1a3258t.png,dalle2
dalle2/r0b985828t.png,dalle2
dalle2/r0773471dt.png,dalle2
dalle2/r005f3e70t.png,dalle2
dalle2/r03640e97t.png,dalle2
dalle2/r06691aa5t.png,dalle2
dalle2/r0897d8aat.png,dalle2
dalle2/r07db8a54t.png,dalle2
dalle2/r04851bf9t.png,dalle2
dalle2/r121f7893t.png,dalle2
dalle2/r04a210b3t.png,dalle2
dalle2/r0ce35df8t.png,dalle2
dalle2/r12d4cabat.png,dalle2
dalle2/r018e74fet.png,dalle2
dalle2/r066b256at.png,dalle2
dalle2/r002fc3e2t.png,dalle2
dalle2/r0f98115dt.png,dalle2
dalle2/r04cfa379t.png,dalle2
dalle2/r012b0f30t.png,dalle2
dalle2/r04eb0d0ft.png,dalle2
dalle2/r0f71782et.png,dalle2
dalle2/r0355b2d5t.png,dalle2
dalle2/r115c449dt.png,dalle2
dalle2/r0c0d0adct.png,dalle2
dalle2/r0ab86ea2t.png,dalle2
dalle2/r0f8e5907t.png,dalle2
dalle2/r083b7636t.png,dalle2
dalle2/r02a0839et.png,dalle2
dalle2/r0d8d62edt.png,dalle2
dalle2/r0e9b0485t.png,dalle2
dalle2/r0e63ca9ft.png,dalle2
dalle2/r12638c95t.png,dalle2
dalle2/r088dcebft.png,dalle2
dalle2/r0905697bt.png,dalle2
dalle2/r125034a9t.png,dalle2
dalle2/r081ad6a3t.png,dalle2
dalle2/r033bb79dt.png,dalle2
dalle2/r10a9ca2at.png,dalle2
dalle2/r02f1ba48t.png,dalle2
dalle2/r09ff1dcet.png,dalle2
dalle2/r083ca67ct.png,dalle2
dalle2/r123ca9b3t.png,dalle2
dalle2/r09a992e9t.png,dalle2
dalle2/r0cde6159t.png,dalle2
dalle2/r079d086et.png,dalle2
dalle2/r10e36316t.png,dalle2
dalle2/r01292fd8t.png,dalle2
dalle2/r0e1a6e2ft.png,dalle2
dalle2/r11d981d2t.png,dalle2
dalle2/r1234de87t.png,dalle2
dalle2/r0f5beb66t.png,dalle2
dalle2/r0faffef3t.png,dalle2
dalle2/r03b0c944t.png,dalle2
dalle2/r09445479t.png,dalle2
dalle2/r01a31693t.png,dalle2
dalle2/r101d6690t.png,dalle2
dalle2/r04395e54t.png,dalle2
dalle2/r072d955bt.png,dalle2
dalle2/r065a0da9t.png,dalle2
dalle2/r0db011b4t.png,dalle2
dalle2/r0c03e364t.png,dalle2
dalle2/r0c1f588dt.png,dalle2
dalle2/r1138e1aft.png,dalle2
dalle2/r1069cdabt.png,dalle2
dalle2/r097d3563t.png,dalle2
dalle2/r0e965ba7t.png,dalle2
dalle2/r12e170d4t.png,dalle2
dalle2/r0ed019a4t.png,dalle2
dalle2/r05a7750et.png,dalle2
dalle2/r026cedb7t.png,dalle2
dalle2/r0f6d3b31t.png,dalle2
dalle2/r02d732f8t.png,dalle2
dalle2/r09d50960t.png,dalle2
dalle2/r0d0ff4c2t.png,dalle2
dalle2/r0c764979t.png,dalle2
dalle2/r10f888c2t.png,dalle2
dalle2/r08df6903t.png,dalle2
dalle2/r0fb0a690t.png,dalle2
dalle2/r0eb8dfb5t.png,dalle2
dalle2/r03aa5df1t.png,dalle2
dalle2/r09670876t.png,dalle2
dalle2/r04108c64t.png,dalle2
dalle2/r077507cat.png,dalle2
dalle2/r138ad247t.png,dalle2
dalle2/r13907965t.png,dalle2
dalle2/r13c7e92dt.png,dalle2
dalle2/r1565a7e7t.png,dalle2
dalle2/r1419078bt.png,dalle2
dalle2/r14586c63t.png,dalle2
dalle2/r15919202t.png,dalle2
dalle2/r15885978t.png,dalle2
dalle2/r1594b4b3t.png,dalle2
dalle2/r15ab6ac6t.png,dalle2
dalle2/r1618da9dt.png,dalle2
dalle2/r16422663t.png,dalle2
dalle2/r16ea6386t.png,dalle2
dalle2/r169f694ft.png,dalle2
dalle2/r170632f5t.png,dalle2
dalle2/r173ee7e8t.png,dalle2
dalle2/r1743fb6bt.png,dalle2
dalle2/r177fb9f1t.png,dalle2
dalle2/r17b2f789t.png,dalle2
dalle2/r17f60607t.png,dalle2
dalle2/r181dd93dt.png,dalle2
dalle2/r1824034et.png,dalle2
dalle2/r182ed662t.png,dalle2
dalle2/r185929e9t.png,dalle2
dalle2/r18791531t.png,dalle2
dalle2/r18990432t.png,dalle2
dalle2/r18ce12dct.png,dalle2
dalle2/r1900f7c7t.png,dalle2
dalle2/r18e0516bt.png,dalle2
dalle2/r193b12aet.png,dalle2
dalle2/r19c9183at.png,dalle2
dalle2/r1a020c3ft.png,dalle2
dalle2/r1b6c1adbt.png,dalle2
dalle2/r1a5903fct.png,dalle2
dalle2/r1a8d7a86t.png,dalle2
dalle2/r1bdb6385t.png,dalle2
dalle2/r1bc3a653t.png,dalle2
dalle2/r1be4943bt.png,dalle2
dalle2/r1c243af7t.png,dalle2
dalle2/r1c874ac4t.png,dalle2
dalle2/r1c9fdcf4t.png,dalle2
dalle2/r1d4377f7t.png,dalle2
dalle2/r1ca5a385t.png,dalle2
dalle2/r1d1d501et.png,dalle2
dalle2/r1d47bfc2t.png,dalle2
dalle2/r1da851e4t.png,dalle2
dalle2/r1ddc0c98t.png,dalle2
dalle2/r1e251abet.png,dalle2
dalle2/r1e7987b3t.png,dalle2
dalle2/r1ee65904t.png,dalle2
dalle2/r1ec70fd3t.png,dalle2
dalle2/r1ef8b85ft.png,dalle2
dalle2/r1eff17eft.png,dalle2
dalle2/r1f5c8451t.png,dalle2
dalle2/r10ab8058t.png,dalle2
dalle2/r1011a436t.png,dalle2
dalle2/r05772356t.png,dalle2
dalle2/r116ce066t.png,dalle2
dalle2/r0f8a1531t.png,dalle2
dalle2/r127608abt.png,dalle2
dalle2/r0fd69c12t.png,dalle2
dalle2/r0cd4ffb0t.png,dalle2
dalle2/r0cea5432t.png,dalle2
dalle2/r108ae9b6t.png,dalle2
dalle2/r09f764ect.png,dalle2
dalle2/r0c9e4ff8t.png,dalle2
dalle2/r03f41fdct.png,dalle2
dalle2/r11e134c7t.png,dalle2
dalle2/r12f3bbfat.png,dalle2
dalle2/r06cad2d6t.png,dalle2
dalle2/r0b665b37t.png,dalle2
dalle2/r0f3569c0t.png,dalle2
dalle2/r05647b9at.png,dalle2
dalle2/r026b5360t.png,dalle2
dalle2/r0b4d8af5t.png,dalle2
dalle2/r0f91c753t.png,dalle2
dalle2/r085bdbe2t.png,dalle2
dalle2/r12a97b08t.png,dalle2
dalle2/r0487f5cet.png,dalle2
dalle2/r0f6250d2t.png,dalle2
dalle2/r0b82ae9bt.png,dalle2
dalle2/r039a851bt.png,dalle2
dalle2/r129f24bet.png,dalle2
dalle2/r0b61ed37t.png,dalle2
dalle2/r05d35656t.png,dalle2
dalle2/r11bf0779t.png,dalle2
dalle2/r0fef53bft.png,dalle2
dalle2/r10c5fc29t.png,dalle2
dalle2/r0648cff8t.png,dalle2
dalle2/r0314c3f9t.png,dalle2
dalle2/r0dd6e8f4t.png,dalle2
dalle2/r0e5b5159t.png,dalle2
dalle2/r04317453t.png,dalle2
dalle2/r0c2fb2a1t.png,dalle2
dalle2/r0527f7e6t.png,dalle2
dalle2/r061e2ecft.png,dalle2
dalle2/r02897203t.png,dalle2
dalle2/r0d203f37t.png,dalle2
dalle2/r13934dc7t.png,dalle2
dalle2/r061db45ft.png,dalle2
dalle2/r029afdb0t.png,dalle2
dalle2/r12cf98bet.png,dalle2
dalle2/r0a10fe29t.png,dalle2
dalle2/r125f6e84t.png,dalle2
dalle2/r1070b804t.png,dalle2
dalle2/r0cfedd72t.png,dalle2
dalle2/r06b161adt.png,dalle2
dalle2/r05ac4560t.png,dalle2
dalle2/r06b7849at.png,dalle2
dalle2/r04eda41ct.png,dalle2
dalle2/r0d0ff43at.png,dalle2
dalle2/r0603031et.png,dalle2
dalle2/r08873591t.png,dalle2
dalle2/r00b8d4a2t.png,dalle2
dalle2/r0ba4c4c0t.png,dalle2
dalle2/r0a3c52a0t.png,dalle2
dalle2/r0a2ff882t.png,dalle2
dalle2/r01559391t.png,dalle2
dalle2/r0809811bt.png,dalle2
dalle2/r0fbf62f8t.png,dalle2
dalle2/r0965e155t.png,dalle2
dalle2/r001d260dt.png,dalle2
dalle2/r1023c21et.png,dalle2
dalle2/r028896d3t.png,dalle2
dalle2/r0e63dd12t.png,dalle2
dalle2/r068812d7t.png,dalle2
dalle2/r03193652t.png,dalle2
dalle2/r0287344at.png,dalle2
dalle2/r06bfc92at.png,dalle2
dalle2/r01170470t.png,dalle2
dalle2/r11865f77t.png,dalle2
dalle2/r0fa22d02t.png,dalle2
dalle2/r13073518t.png,dalle2
dalle2/r094ced7bt.png,dalle2
dalle2/r00879054t.png,dalle2
dalle2/r1148801et.png,dalle2
dalle2/r13fccd2ft.png,dalle2
dalle2/r140f3432t.png,dalle2
dalle2/r142787e2t.png,dalle2
dalle2/r145215fft.png,dalle2
dalle2/r14c67ed2t.png,dalle2
dalle2/r14dd8f91t.png,dalle2
dalle2/r15a0b476t.png,dalle2
dalle2/r14df59fet.png,dalle2
dalle2/r159d3942t.png,dalle2
dalle2/r15c91802t.png,dalle2
dalle2/r16144fa2t.png,dalle2
dalle2/r164c1e13t.png,dalle2
dalle2/r1655a008t.png,dalle2
dalle2/r16a02a12t.png,dalle2
dalle2/r1683028at.png,dalle2
dalle2/r170b020bt.png,dalle2
dalle2/r17492cd5t.png,dalle2
dalle2/r181d64eat.png,dalle2
dalle2/r1828d94at.png,dalle2
dalle2/r1986e42bt.png,dalle2
dalle2/r19b49f2ct.png,dalle2
dalle2/r19d47beft.png,dalle2
dalle2/r1a1d7e72t.png,dalle2
dalle2/r19d72b0ct.png,dalle2
dalle2/r1a0968bft.png,dalle2
dalle2/r1a7bb1d6t.png,dalle2
dalle2/r1aa43470t.png,dalle2
dalle2/r1aa4cc99t.png,dalle2
dalle2/r1aa53167t.png,dalle2
dalle2/r1aa7459at.png,dalle2
dalle2/r1b4e82c4t.png,dalle2
dalle2/r1ad2de34t.png,dalle2
dalle2/r1bc3dd23t.png,dalle2
dalle2/r1bc92a89t.png,dalle2
dalle2/r1bf7ff83t.png,dalle2
dalle2/r1cc0e4e1t.png,dalle2
dalle2/r1c1fef8ft.png,dalle2
dalle2/r1c9fc42at.png,dalle2
dalle2/r1d527f65t.png,dalle2
dalle2/r1db1c478t.png,dalle2
dalle2/r1dbe1b11t.png,dalle2
dalle2/r1dbef145t.png,dalle2
dalle2/r1e3b4cdft.png,dalle2
dalle2/r1e69b067t.png,dalle2
dalle2/r1e79c6f9t.png,dalle2
dalle2/r1ee6f90et.png,dalle2
dalle2/r1f2f31e2t.png,dalle2
dalle2/r0b13d2a2t.png,dalle2
dalle2/r0e593c46t.png,dalle2
dalle2/r0518cf5dt.png,dalle2
dalle2/r0db6cc31t.png,dalle2
dalle2/r0bbbb097t.png,dalle2
dalle2/r006fcc20t.png,dalle2
dalle2/r08d2b4dat.png,dalle2
dalle2/r141669e5t.png,dalle2
dalle2/r0f5475b5t.png,dalle2
dalle2/r0a8b59bbt.png,dalle2
dalle2/r1301676dt.png,dalle2
dalle2/r0f24ca4dt.png,dalle2
dalle2/r0eb7ee5ct.png,dalle2
dalle2/r0438eb97t.png,dalle2
dalle2/r07e35007t.png,dalle2
dalle2/r15efd876t.png,dalle2
dalle2/r155fe1fat.png,dalle2
dalle2/r162b2209t.png,dalle2
dalle2/r09efa609t.png,dalle2
dalle2/r0450c4c0t.png,dalle2
dalle2/r0ae68527t.png,dalle2
dalle2/r057282fet.png,dalle2
dalle2/r133c5a52t.png,dalle2
dalle2/r07cfb432t.png,dalle2
dalle2/r0207a52ct.png,dalle2
dalle2/r0d61db4ct.png,dalle2
dalle2/r14a51689t.png,dalle2
dalle2/r1104e9e6t.png,dalle2
dalle2/r0f979863t.png,dalle2
dalle2/r04989a70t.png,dalle2
dalle2/r08b12799t.png,dalle2
dalle2/r129f09b4t.png,dalle2
dalle2/r12133015t.png,dalle2
dalle2/r00869422t.png,dalle2
dalle2/r06d3ac60t.png,dalle2
dalle2/r13bb381ct.png,dalle2
dalle2/r08079988t.png,dalle2
dalle2/r0fbb5bc1t.png,dalle2
dalle2/r0dd7b354t.png,dalle2
dalle2/r094cf3c6t.png,dalle2
dalle2/r11c4de0et.png,dalle2
dalle2/r03cef811t.png,dalle2
dalle2/r0a42c0f6t.png,dalle2
dalle2/r00b3931bt.png,dalle2
dalle2/r152d9ff5t.png,dalle2
dalle2/r0a776764t.png,dalle2
dalle2/r062cab38t.png,dalle2
dalle2/r15f16465t.png,dalle2
dalle2/r15d1c836t.png,dalle2
dalle2/r137bcd7at.png,dalle2
dalle2/r0e35d1fct.png,dalle2
dalle2/r13e56300t.png,dalle2
dalle2/r13ae7d1et.png,dalle2
dalle2/r0b03e77at.png,dalle2
dalle2/r0f2e6baft.png,dalle2
dalle2/r09851aa4t.png,dalle2
dalle2/r0a18e454t.png,dalle2
dalle2/r0c5e9567t.png,dalle2
dalle2/r0fae3dbdt.png,dalle2
dalle2/r035ef2c2t.png,dalle2
dalle2/r13928401t.png,dalle2
dalle2/r12cebbd2t.png,dalle2
dalle2/r0a31a2cct.png,dalle2
dalle2/r1297fd0bt.png,dalle2
dalle2/r0a72568ct.png,dalle2
dalle2/r09579ff2t.png,dalle2
dalle2/r0f36ba1bt.png,dalle2
dalle2/r0c32591dt.png,dalle2
dalle2/r0e5dfc8et.png,dalle2
dalle2/r0282ca06t.png,dalle2
dalle2/r0249f733t.png,dalle2
dalle2/r0db31c3ft.png,dalle2
dalle2/r0b50b69ct.png,dalle2
dalle2/r010cb248t.png,dalle2
dalle2/r00c0995ft.png,dalle2
dalle2/r116825e2t.png,dalle2
dalle2/r0fa077bet.png,dalle2
dalle2/r03f70ccdt.png,dalle2
dalle2/r084889d5t.png,dalle2
dalle2/r11aa1ee3t.png,dalle2
dalle2/r12c64de9t.png,dalle2
dalle2/r1639a65ct.png,dalle2
dalle2/r169a9b07t.png,dalle2
dalle2/r16da5576t.png,dalle2
dalle2/r16dca6f2t.png,dalle2
dalle2/r17afaaa1t.png,dalle2
dalle2/r17b873bct.png,dalle2
dalle2/r180a7062t.png,dalle2
dalle2/r1866b73at.png,dalle2
dalle2/r1915909et.png,dalle2
dalle2/r197770adt.png,dalle2
dalle2/r1a2095b2t.png,dalle2
dalle2/r1a7346d0t.png,dalle2
dalle2/r1a7b8c42t.png,dalle2
dalle2/r1aa4db16t.png,dalle2
dalle2/r1aa63558t.png,dalle2
dalle2/r1b09da9ct.png,dalle2
dalle2/r1b57dbb2t.png,dalle2
dalle2/r1b61c7b1t.png,dalle2
dalle2/r1b790721t.png,dalle2
dalle2/r1bd70210t.png,dalle2
dalle2/r1c402787t.png,dalle2
dalle2/r1c1e3ec9t.png,dalle2
dalle2/r1c5ec853t.png,dalle2
dalle2/r1ca0784dt.png,dalle2
dalle2/r1ca254b2t.png,dalle2
dalle2/r1cd8d9a4t.png,dalle2
dalle2/r1ced1907t.png,dalle2
dalle2/r1cfc8ddat.png,dalle2
dalle2/r1d1445b6t.png,dalle2
dalle2/r1d16ad1et.png,dalle2
dalle2/r1d99d1f3t.png,dalle2
dalle2/r1d9eaf70t.png,dalle2
dalle2/r1db351a2t.png,dalle2
dalle2/r1e3303ebt.png,dalle2
dalle2/r1e367d35t.png,dalle2
dalle2/r1e5c27c1t.png,dalle2
dalle2/r1e9ae164t.png,dalle2
dalle2/r1f1a9df4t.png,dalle2
dalle2/r1f446078t.png,dalle2
dalle2/r0cc5a33ct.png,dalle2
dalle2/r13b45303t.png,dalle2
dalle2/r050e1024t.png,dalle2
dalle2/r144e095dt.png,dalle2
dalle2/r0149a21ct.png,dalle2
dalle2/r066358d3t.png,dalle2
dalle2/r165fbf4ft.png,dalle2
dalle2/r0284aa1at.png,dalle2
dalle2/r116fa8b7t.png,dalle2
dalle2/r08c76321t.png,dalle2
dalle2/r021429abt.png,dalle2
dalle2/r0eedd456t.png,dalle2
dalle2/r015b453ft.png,dalle2
dalle2/r169c7350t.png,dalle2
dalle2/r15eef8b9t.png,dalle2
dalle2/r0a19cb85t.png,dalle2
dalle2/r103a4f26t.png,dalle2
dalle2/r02513d19t.png,dalle2
dalle2/r1694427et.png,dalle2
dalle2/r0b3979d0t.png,dalle2
dalle2/r0428df0ct.png,dalle2
dalle2/r01cf60c7t.png,dalle2
dalle2/r01474187t.png,dalle2
dalle2/r0eab8214t.png,dalle2
dalle2/r05db7e7ft.png,dalle2
dalle2/r13a16a0at.png,dalle2
dalle2/r036e2a9at.png,dalle2
dalle2/r00444b95t.png,dalle2
dalle2/r0b1f92a9t.png,dalle2
dalle2/r14f241e4t.png,dalle2
dalle2/r12f02af5t.png,dalle2
dalle2/r0281b52at.png,dalle2
dalle2/r0bc87c20t.png,dalle2
dalle2/r11850456t.png,dalle2
dalle2/r0c6cf00bt.png,dalle2
dalle2/r097555c4t.png,dalle2
dalle2/r0b5a3035t.png,dalle2
dalle2/r0250eb80t.png,dalle2
dalle2/r15f07f9dt.png,dalle2
dalle2/r0a8e5f8at.png,dalle2
dalle2/r1661f358t.png,dalle2
dalle2/r0f91360ct.png,dalle2
dalle2/r092b4511t.png,dalle2
dalle2/r0dd60980t.png,dalle2
dalle2/r0fdfc4f0t.png,dalle2
dalle2/r0200a7a6t.png,dalle2
dalle2/r16192cf0t.png,dalle2
dalle2/r0bdc7894t.png,dalle2
dalle2/r01d9da09t.png,dalle2
dalle2/r08b05c94t.png,dalle2
dalle2/r0c486c0at.png,dalle2
dalle2/r1267fa5bt.png,dalle2
dalle2/r0b7b1156t.png,dalle2
dalle2/r0c8f3ce5t.png,dalle2
dalle2/r04b8473dt.png,dalle2
dalle2/r13a5bb6bt.png,dalle2
dalle2/r043951a3t.png,dalle2
dalle2/r018ba134t.png,dalle2
dalle2/r02b3a1ddt.png,dalle2
dalle2/r04aceb4et.png,dalle2
dalle2/r1126b615t.png,dalle2
dalle2/r07e1e8cbt.png,dalle2
dalle2/r1602555bt.png,dalle2
dalle2/r138ceafbt.png,dalle2
dalle2/r07f22efdt.png,dalle2
dalle2/r08ac875ct.png,dalle2
dalle2/r0a5d7cb6t.png,dalle2
dalle2/r05f3f6a5t.png,dalle2
dalle2/r027a692ft.png,dalle2
dalle2/r08788547t.png,dalle2
dalle2/r133bb357t.png,dalle2
dalle2/r0777fea4t.png,dalle2
dalle2/r0bf1bbect.png,dalle2
dalle2/r17217693t.png,dalle2
dalle2/r146771d7t.png,dalle2
dalle2/r13493fa3t.png,dalle2
dalle2/r06aa7dabt.png,dalle2
dalle2/r02f5c155t.png,dalle2
dalle2/r041c02cat.png,dalle2
dalle2/r01291f20t.png,dalle2
dalle2/r1378de81t.png,dalle2
dalle2/r0e7b407bt.png,dalle2
dalle2/r175da907t.png,dalle2
dalle2/r18302db2t.png,dalle2
dalle2/r18fafe10t.png,dalle2
dalle2/r188eb234t.png,dalle2
dalle2/r18d1abact.png,dalle2
dalle2/r191f3cdet.png,dalle2
dalle2/r192ae577t.png,dalle2
dalle2/r195f12adt.png,dalle2
dalle2/r198ae140t.png,dalle2
dalle2/r1a0f5585t.png,dalle2
dalle2/r1a28d44bt.png,dalle2
dalle2/r1a4651edt.png,dalle2
dalle2/r1a845144t.png,dalle2
dalle2/r1a877849t.png,dalle2
dalle2/r1a91c337t.png,dalle2
dalle2/r1ad3fa6dt.png,dalle2
dalle2/r1ad9cd64t.png,dalle2
dalle2/r1ae12b3ft.png,dalle2
dalle2/r1b547547t.png,dalle2
dalle2/r1b8b1b14t.png,dalle2
dalle2/r1bc4e4act.png,dalle2
dalle2/r1bcfab73t.png,dalle2
dalle2/r1bf00696t.png,dalle2
dalle2/r1c83ec1dt.png,dalle2
dalle2/r1bfbaab3t.png,dalle2
dalle2/r1c2ac865t.png,dalle2
dalle2/r1db5be20t.png,dalle2
dalle2/r1dd998dft.png,dalle2
dalle2/r1e52a39dt.png,dalle2
dalle2/r1dea56e5t.png,dalle2
dalle2/r1e56884ft.png,dalle2
dalle2/r1e8e493ct.png,dalle2
dalle2/r1ef15cb3t.png,dalle2
dalle2/r1ea8ccbbt.png,dalle2
dalle2/r1efcf847t.png,dalle2
dalle2/r1f20d8b5t.png,dalle2
dalle2/r1f40decct.png,dalle2
dalle2/r1f5ad4e0t.png,dalle2
dalle3/r006b0e4bt.png,dalle3
dalle3/r0191aaf4t.png,dalle3
dalle3/r01a5f38at.png,dalle3
dalle3/r01ef1b4at.png,dalle3
dalle3/r02354285t.png,dalle3
dalle3/r02f9f53et.png,dalle3
dalle3/r038922cbt.png,dalle3
dalle3/r03c8ddcft.png,dalle3
dalle3/r03d2a758t.png,dalle3
dalle3/r04160d64t.png,dalle3
dalle3/r046852c1t.png,dalle3
dalle3/r048c50d0t.png,dalle3
dalle3/r049f471dt.png,dalle3
dalle3/r04e7644dt.png,dalle3
dalle3/r052e9174t.png,dalle3
dalle3/r056c0ee6t.png,dalle3
dalle3/r059cae86t.png,dalle3
dalle3/r05839451t.png,dalle3
dalle3/r05bf2f53t.png,dalle3
dalle3/r05f3bc6ct.png,dalle3
dalle3/r05f66e6dt.png,dalle3
dalle3/r061433aft.png,dalle3
dalle3/r065472d8t.png,dalle3
dalle3/r06888d38t.png,dalle3
dalle3/r06c4bcb9t.png,dalle3
dalle3/r07598392t.png,dalle3
dalle3/r06e1a520t.png,dalle3
dalle3/r07b99141t.png,dalle3
dalle3/r07c47354t.png,dalle3
dalle3/r07f99a1at.png,dalle3
dalle3/r085a5f53t.png,dalle3
dalle3/r08b04f65t.png,dalle3
dalle3/r08d9a0cet.png,dalle3
dalle3/r0a0852c6t.png,dalle3
dalle3/r09dc6407t.png,dalle3
dalle3/r0a4ce555t.png,dalle3
dalle3/r0a54ed98t.png,dalle3
dalle3/r0a779af2t.png,dalle3
dalle3/r0ab7202ft.png,dalle3
dalle3/r0af5a8cct.png,dalle3
dalle3/r0b59fc2bt.png,dalle3
dalle3/r0b6e4254t.png,dalle3
dalle3/r0b735401t.png,dalle3
dalle3/r0b755540t.png,dalle3
dalle3/r0b99ac3ct.png,dalle3
dalle3/r0bc7d0eet.png,dalle3
dalle3/r0c3a8ea0t.png,dalle3
dalle3/r0d1dd61ft.png,dalle3
dalle3/r0deb6dadt.png,dalle3
dalle3/r0dff226et.png,dalle3
dalle3/r0e661e0dt.png,dalle3
dalle3/r0eb9e900t.png,dalle3
dalle3/r0eba1984t.png,dalle3
dalle3/r0ebb0bb4t.png,dalle3
dalle3/r0ebb5ca2t.png,dalle3
dalle3/r0fbd0c71t.png,dalle3
dalle3/r0fe270aet.png,dalle3
dalle3/r0fe7b1c6t.png,dalle3
dalle3/r10893508t.png,dalle3
dalle3/r110cc74ct.png,dalle3
dalle3/r10940798t.png,dalle3
dalle3/r115e2464t.png,dalle3
dalle3/r11e26097t.png,dalle3
dalle3/r126a22b8t.png,dalle3
dalle3/r12946364t.png,dalle3
dalle3/r12ed2816t.png,dalle3
dalle3/r1372056ct.png,dalle3
dalle3/r13c19caft.png,dalle3
dalle3/r13837601t.png,dalle3
dalle3/r142335f0t.png,dalle3
dalle3/r1426cde6t.png,dalle3
dalle3/r145221d9t.png,dalle3
dalle3/r1468a9e1t.png,dalle3
dalle3/r14bfe6f4t.png,dalle3
dalle3/r14902ba4t.png,dalle3
dalle3/r150058a4t.png,dalle3
dalle3/r16698b6et.png,dalle3
dalle3/r16d46fa3t.png,dalle3
dalle3/r170df29ct.png,dalle3
dalle3/r1717ae55t.png,dalle3
dalle3/r171d73aat.png,dalle3
dalle3/r18393aeet.png,dalle3
dalle3/r17ad56act.png,dalle3
dalle3/r1889220ft.png,dalle3
dalle3/r18d72ab2t.png,dalle3
dalle3/r19835fbft.png,dalle3
dalle3/r18ea00c8t.png,dalle3
dalle3/r191488c6t.png,dalle3
dalle3/r19924edft.png,dalle3
dalle3/r19fe3107t.png,dalle3
dalle3/r1a11b3c0t.png,dalle3
dalle3/r1a485a99t.png,dalle3
dalle3/r1a343192t.png,dalle3
dalle3/r1a9783cdt.png,dalle3
dalle3/r1a9de6e9t.png,dalle3
dalle3/r1b106abdt.png,dalle3
dalle3/r1aef663et.png,dalle3
dalle3/r1be2a3d5t.png,dalle3
dalle3/r1c070921t.png,dalle3
dalle3/r1c4ae120t.png,dalle3
dalle3/r1c6377bat.png,dalle3
dalle3/r1cde4afbt.png,dalle3
dalle3/r1d53fccat.png,dalle3
dalle3/r1e14f45ct.png,dalle3
dalle3/r1ea13eb4t.png,dalle3
dalle3/r1ead3024t.png,dalle3
dalle3/r1ebee709t.png,dalle3
dalle3/r1f23f4ddt.png,dalle3
dalle3/r1ef16e0dt.png,dalle3
dalle3/r1f3e6681t.png,dalle3
dalle3/r1f4a44a7t.png,dalle3
dalle3/r012d1dbet.png,dalle3
dalle3/r022af74ct.png,dalle3
dalle3/r02e1abe2t.png,dalle3
dalle3/r040b3002t.png,dalle3
dalle3/r0225b88bt.png,dalle3
dalle3/r0342f22ct.png,dalle3
dalle3/r03bf5648t.png,dalle3
dalle3/r056d6bebt.png,dalle3
dalle3/r02b7536at.png,dalle3
dalle3/r053d2196t.png,dalle3
dalle3/r02a21f6ct.png,dalle3
dalle3/r031917act.png,dalle3
dalle3/r02210c2at.png,dalle3
dalle3/r0372042dt.png,dalle3
dalle3/r038422cft.png,dalle3
dalle3/r0288b58ct.png,dalle3
dalle3/r02508493t.png,dalle3
dalle3/r0408fe9ft.png,dalle3
dalle3/r00679daet.png,dalle3
dalle3/r008a2095t.png,dalle3
dalle3/r0383e9c3t.png,dalle3
dalle3/r0356ea60t.png,dalle3
dalle3/r059ce7d0t.png,dalle3
dalle3/r063d8a61t.png,dalle3
dalle3/r06743f8ft.png,dalle3
dalle3/r066ef803t.png,dalle3
dalle3/r06836fdat.png,dalle3
dalle3/r0676c50at.png,dalle3
dalle3/r0703243bt.png,dalle3
dalle3/r075baf3ct.png,dalle3
dalle3/r070a874ct.png,dalle3
dalle3/r072421a1t.png,dalle3
dalle3/r072649fdt.png,dalle3
dalle3/r07c51648t.png,dalle3
dalle3/r07dba73ft.png,dalle3
dalle3/r07e594d6t.png,dalle3
dalle3/r07e242b7t.png,dalle3
dalle3/r08307e1at.png,dalle3
dalle3/r08996953t.png,dalle3
dalle3/r08abaa78t.png,dalle3
dalle3/r08cbbab9t.png,dalle3
dalle3/r09a79474t.png,dalle3
dalle3/r0a9384b1t.png,dalle3
dalle3/r0a808003t.png,dalle3
dalle3/r0a94587ft.png,dalle3
dalle3/r0b841e5at.png,dalle3
dalle3/r0ac70243t.png,dalle3
dalle3/r0b591bc3t.png,dalle3
dalle3/r0b5b85d0t.png,dalle3
dalle3/r0b985828t.png,dalle3
dalle3/r0bbd0b0et.png,dalle3
dalle3/r0bc0e549t.png,dalle3
dalle3/r0cbdc6f8t.png,dalle3
dalle3/r0c795771t.png,dalle3
dalle3/r0c7fcc38t.png,dalle3
dalle3/r0d796d4ft.png,dalle3
dalle3/r0de97473t.png,dalle3
dalle3/r0eb07be3t.png,dalle3
dalle3/r0eea5a7et.png,dalle3
dalle3/r0f2c63d2t.png,dalle3
dalle3/r0f22c43ct.png,dalle3
dalle3/r0f38373ct.png,dalle3
dalle3/r0f3f14cbt.png,dalle3
dalle3/r0f86049ct.png,dalle3
dalle3/r0fbe1b0ft.png,dalle3
dalle3/r10134c59t.png,dalle3
dalle3/r101af5b4t.png,dalle3
dalle3/r1077d1f2t.png,dalle3
dalle3/r10f2ac48t.png,dalle3
dalle3/r110b4219t.png,dalle3
dalle3/r113402d4t.png,dalle3
dalle3/r113b7fb4t.png,dalle3
dalle3/r113ee9edt.png,dalle3
dalle3/r11a7deb7t.png,dalle3
dalle3/r1218b33at.png,dalle3
dalle3/r12c1798bt.png,dalle3
dalle3/r12c5f70bt.png,dalle3
dalle3/r12daa983t.png,dalle3
dalle3/r131a8f7et.png,dalle3
dalle3/r137f062ft.png,dalle3
dalle3/r132d538et.png,dalle3
dalle3/r13de1e12t.png,dalle3
dalle3/r141665bdt.png,dalle3
dalle3/r144f25eet.png,dalle3
dalle3/r14556dabt.png,dalle3
dalle3/r15199ae3t.png,dalle3
dalle3/r15028ceft.png,dalle3
dalle3/r1570dd6at.png,dalle3
dalle3/r16113cc8t.png,dalle3
dalle3/r163967d4t.png,dalle3
dalle3/r1644d874t.png,dalle3
dalle3/r165355c0t.png,dalle3
dalle3/r16654024t.png,dalle3
dalle3/r16d6c35dt.png,dalle3
dalle3/r17228bbdt.png,dalle3
dalle3/r179bb406t.png,dalle3
dalle3/r179ed8d7t.png,dalle3
dalle3/r184f08dat.png,dalle3
dalle3/r187df69ft.png,dalle3
dalle3/r1934e29ft.png,dalle3
dalle3/r194c49f5t.png,dalle3
dalle3/r19d92967t.png,dalle3
dalle3/r19be5c05t.png,dalle3
dalle3/r1a57cb29t.png,dalle3
dalle3/r1a7e4791t.png,dalle3
dalle3/r1a8ee526t.png,dalle3
dalle3/r1ab0bb20t.png,dalle3
dalle3/r1b177fe1t.png,dalle3
dalle3/r1ab1679et.png,dalle3
dalle3/r1b9e9917t.png,dalle3
dalle3/r1baf2ce0t.png,dalle3
dalle3/r1c31a90bt.png,dalle3
dalle3/r1c24a571t.png,dalle3
dalle3/r1c5a4928t.png,dalle3
dalle3/r1ca2ef38t.png,dalle3
dalle3/r1cb7084et.png,dalle3
dalle3/r1d00d8ect.png,dalle3
dalle3/r1d1cf607t.png,dalle3
dalle3/r1d431afft.png,dalle3
dalle3/r1dc4077at.png,dalle3
dalle3/r1dd9d6bft.png,dalle3
dalle3/r1e504ebbt.png,dalle3
dalle3/r1e698e5dt.png,dalle3
dalle3/r1e8acc5ct.png,dalle3
dalle3/r1e9c8a5dt.png,dalle3
dalle3/r1f1178cet.png,dalle3
dalle3/r1f16e2abt.png,dalle3
dalle3/r1f2c2acft.png,dalle3
dalle3/r07df029bt.png,dalle3
dalle3/r04172edct.png,dalle3
dalle3/r01d0b83bt.png,dalle3
dalle3/r000da54ft.png,dalle3
dalle3/r08f2d4c6t.png,dalle3
dalle3/r098cf7aet.png,dalle3
dalle3/r0465565ct.png,dalle3
dalle3/r01058910t.png,dalle3
dalle3/r01c95f68t.png,dalle3
dalle3/r098a8a22t.png,dalle3
dalle3/r01b6aed6t.png,dalle3
dalle3/r07ece355t.png,dalle3
dalle3/r056f233bt.png,dalle3
dalle3/r09696ba3t.png,dalle3
dalle3/r0833f646t.png,dalle3
dalle3/r0744a10et.png,dalle3
dalle3/r0108c383t.png,dalle3
dalle3/r05d59d7ct.png,dalle3
dalle3/r069e346et.png,dalle3
dalle3/r0176fbcat.png,dalle3
dalle3/r08b41f18t.png,dalle3
dalle3/r00a940e1t.png,dalle3
dalle3/r0667a51ft.png,dalle3
dalle3/r09245347t.png,dalle3
dalle3/r06a52b7bt.png,dalle3
dalle3/r089cae91t.png,dalle3
dalle3/r07cf907dt.png,dalle3
dalle3/r00816405t.png,dalle3
dalle3/r042d7b17t.png,dalle3
dalle3/r04c566a0t.png,dalle3
dalle3/r097088c1t.png,dalle3
dalle3/r01511e3et.png,dalle3
dalle3/r01cbb7fdt.png,dalle3
dalle3/r07d5eb94t.png,dalle3
dalle3/r03ed2669t.png,dalle3
dalle3/r0417f5e3t.png,dalle3
dalle3/r0941aa38t.png,dalle3
dalle3/r0701ca45t.png,dalle3
dalle3/r08276bf9t.png,dalle3
dalle3/r00c4a543t.png,dalle3
dalle3/r033daaa0t.png,dalle3
dalle3/r03995a8ct.png,dalle3
dalle3/r05d9d749t.png,dalle3
dalle3/r0708431at.png,dalle3
dalle3/r039a5ef5t.png,dalle3
dalle3/r09c15af7t.png,dalle3
dalle3/r09b86185t.png,dalle3
dalle3/r09c8e042t.png,dalle3
dalle3/r09d7cd4et.png,dalle3
dalle3/r0a64ce0bt.png,dalle3
dalle3/r0aaa70c3t.png,dalle3
dalle3/r0a71c689t.png,dalle3
dalle3/r0ab0a205t.png,dalle3
dalle3/r0b07b945t.png,dalle3
dalle3/r0b0cd69et.png,dalle3
dalle3/r0b3220e1t.png,dalle3
dalle3/r0b0e2ba5t.png,dalle3
dalle3/r0b76b82ft.png,dalle3
dalle3/r0c925d34t.png,dalle3
dalle3/r0d280006t.png,dalle3
dalle3/r0d56c1d7t.png,dalle3
dalle3/r0d89edd8t.png,dalle3
dalle3/r0ed844b5t.png,dalle3
dalle3/r0ea0825ft.png,dalle3
dalle3/r0edb165ft.png,dalle3
dalle3/r0f1a3f00t.png,dalle3
dalle3/r0f4ece9bt.png,dalle3
dalle3/r0ff7a848t.png,dalle3
dalle3/r101eab0dt.png,dalle3
dalle3/r104153eat.png,dalle3
dalle3/r108301e3t.png,dalle3
dalle3/r108ba35et.png,dalle3
dalle3/r10a207det.png,dalle3
dalle3/r10ab8058t.png,dalle3
dalle3/r11a5b93dt.png,dalle3
dalle3/r11b292cbt.png,dalle3
dalle3/r125442fat.png,dalle3
dalle3/r128cc6fbt.png,dalle3
dalle3/r128dfb38t.png,dalle3
dalle3/r1322c4d6t.png,dalle3
dalle3/r134ba6abt.png,dalle3
dalle3/r135df877t.png,dalle3
dalle3/r13b5b161t.png,dalle3
dalle3/r13a9002bt.png,dalle3
dalle3/r13dab3c7t.png,dalle3
dalle3/r142b504bt.png,dalle3
dalle3/r14c2d3fct.png,dalle3
dalle3/r14ca1259t.png,dalle3
dalle3/r154d7294t.png,dalle3
dalle3/r150b1b51t.png,dalle3
dalle3/r1554cfadt.png,dalle3
dalle3/r1645a09ct.png,dalle3
dalle3/r1580c37ft.png,dalle3
dalle3/r16509308t.png,dalle3
dalle3/r177dd68et.png,dalle3
dalle3/r171eeaf8t.png,dalle3
dalle3/r17d11b3at.png,dalle3
dalle3/r17fe8532t.png,dalle3
dalle3/r1810ba7at.png,dalle3
dalle3/r180bcbd7t.png,dalle3
dalle3/r18798194t.png,dalle3
dalle3/r1882b6e6t.png,dalle3
dalle3/r189be0d8t.png,dalle3
dalle3/r18d9feeat.png,dalle3
dalle3/r195a5f44t.png,dalle3
dalle3/r198ea6a5t.png,dalle3
dalle3/r1a2d8b02t.png,dalle3
dalle3/r1a499b96t.png,dalle3
dalle3/r1a7feb2bt.png,dalle3
dalle3/r1a60a2bdt.png,dalle3
dalle3/r1a9acd94t.png,dalle3
dalle3/r1af60295t.png,dalle3
dalle3/r1bc23d6et.png,dalle3
dalle3/r1b262b72t.png,dalle3
dalle3/r1bc355f2t.png,dalle3
dalle3/r1bca2388t.png,dalle3
dalle3/r1c09b002t.png,dalle3
dalle3/r1c146589t.png,dalle3
dalle3/r1c4e6a62t.png,dalle3
dalle3/r1c6b4a23t.png,dalle3
dalle3/r1c56a2bct.png,dalle3
dalle3/r1c717a46t.png,dalle3
dalle3/r1c99500bt.png,dalle3
dalle3/r1ceba29dt.png,dalle3
dalle3/r1d2bb70at.png,dalle3
dalle3/r1d3bc675t.png,dalle3
dalle3/r1d679eaet.png,dalle3
dalle3/r1d79b6e7t.png,dalle3
dalle3/r1d93553ct.png,dalle3
dalle3/r1db2847et.png,dalle3
dalle3/r1f06581bt.png,dalle3
dalle3/r1db61cf8t.png,dalle3
dalle3/r1e9082f9t.png,dalle3
dalle3/r1f11809bt.png,dalle3
dalle3/r1f48d12dt.png,dalle3
dalle3/r1f4f8a51t.png,dalle3
dalle3/r007f5116t.png,dalle3
dalle3/r062b9259t.png,dalle3
dalle3/r00617aa1t.png,dalle3
dalle3/r096982ddt.png,dalle3
dalle3/r056daad2t.png,dalle3
dalle3/r00de2590t.png,dalle3
dalle3/r0589558at.png,dalle3
dalle3/r0a966704t.png,dalle3
dalle3/r04b4d5aft.png,dalle3
dalle3/r0150031ft.png,dalle3
dalle3/r01b3f004t.png,dalle3
dalle3/r0141f0c9t.png,dalle3
dalle3/r08414c5at.png,dalle3
dalle3/r008ed083t.png,dalle3
dalle3/r047aa954t.png,dalle3
dalle3/r05243256t.png,dalle3
dalle3/r02059ab4t.png,dalle3
dalle3/r05718fd6t.png,dalle3
dalle3/r084a4ccet.png,dalle3
dalle3/r019eb1cbt.png,dalle3
dalle3/r0985dc6ct.png,dalle3
dalle3/r04e818bat.png,dalle3
dalle3/r04e19833t.png,dalle3
dalle3/r09488b39t.png,dalle3
dalle3/r040bf4a5t.png,dalle3
dalle3/r0515a051t.png,dalle3
dalle3/r09d5cb41t.png,dalle3
dalle3/r00d161b7t.png,dalle3
dalle3/r09a60f63t.png,dalle3
dalle3/r017904f0t.png,dalle3
dalle3/r07ffdc87t.png,dalle3
dalle3/r087a13a6t.png,dalle3
dalle3/r0adac68bt.png,dalle3
dalle3/r02189767t.png,dalle3
dalle3/r03389e9bt.png,dalle3
dalle3/r037a250ft.png,dalle3
dalle3/r07d13149t.png,dalle3
dalle3/r0670f47ft.png,dalle3
dalle3/r042d5308t.png,dalle3
dalle3/r0279b17bt.png,dalle3
dalle3/r082626aft.png,dalle3
dalle3/r045be2act.png,dalle3
dalle3/r04c11390t.png,dalle3
dalle3/r0341853dt.png,dalle3
dalle3/r0b13d2a2t.png,dalle3
dalle3/r0b17fd57t.png,dalle3
dalle3/r0b42926ct.png,dalle3
dalle3/r0bc1a779t.png,dalle3
dalle3/r0bf7f938t.png,dalle3
dalle3/r0c1de5e1t.png,dalle3
dalle3/r0c9910e4t.png,dalle3
dalle3/r0e04cc91t.png,dalle3
dalle3/r0e593c46t.png,dalle3
dalle3/r0ebdd2d2t.png,dalle3
dalle3/r0f137652t.png,dalle3
dalle3/r0ed16e26t.png,dalle3
dalle3/r0f1aef1ft.png,dalle3
dalle3/r0f25b326t.png,dalle3
dalle3/r0fc39b66t.png,dalle3
dalle3/r101e18b6t.png,dalle3
dalle3/r102b4aa4t.png,dalle3
dalle3/r107730b5t.png,dalle3
dalle3/r10944b31t.png,dalle3
dalle3/r10cf67d1t.png,dalle3
dalle3/r110f894ft.png,dalle3
dalle3/r11a4e1cbt.png,dalle3
dalle3/r123c6433t.png,dalle3
dalle3/r127d47e0t.png,dalle3
dalle3/r1293f8ect.png,dalle3
dalle3/r12cbfb1et.png,dalle3
dalle3/r1328ee94t.png,dalle3
dalle3/r1344c943t.png,dalle3
dalle3/r13c85634t.png,dalle3
dalle3/r13f26c35t.png,dalle3
dalle3/r141e4467t.png,dalle3
dalle3/r1461e2d7t.png,dalle3
dalle3/r14a595b6t.png,dalle3
dalle3/r14a9a843t.png,dalle3
dalle3/r15499cd8t.png,dalle3
dalle3/r1567e512t.png,dalle3
dalle3/r15dfc1b8t.png,dalle3
dalle3/r15dcfacct.png,dalle3
dalle3/r163317d6t.png,dalle3
dalle3/r179ec4e8t.png,dalle3
dalle3/r17754c77t.png,dalle3
dalle3/r17c76042t.png,dalle3
dalle3/r1800ab47t.png,dalle3
dalle3/r186c09e4t.png,dalle3
dalle3/r1904147dt.png,dalle3
dalle3/r18d866e1t.png,dalle3
dalle3/r19ba7288t.png,dalle3
dalle3/r19183258t.png,dalle3
dalle3/r1a07dd25t.png,dalle3
dalle3/r1a170ddbt.png,dalle3
dalle3/r1a1d24b2t.png,dalle3
dalle3/r1a711e27t.png,dalle3
dalle3/r1a8fe570t.png,dalle3
dalle3/r1b165d45t.png,dalle3
dalle3/r1b17f0f0t.png,dalle3
dalle3/r1b2765ebt.png,dalle3
dalle3/r1b1c1019t.png,dalle3
dalle3/r1b32a6bct.png,dalle3
dalle3/r1bddecd6t.png,dalle3
dalle3/r1bf4e594t.png,dalle3
dalle3/r1c028de8t.png,dalle3
dalle3/r1c23e440t.png,dalle3
dalle3/r1c4d4720t.png,dalle3
dalle3/r1c4deb71t.png,dalle3
dalle3/r1ca6cc12t.png,dalle3
dalle3/r1cc04f4ft.png,dalle3
dalle3/r1cad9823t.png,dalle3
dalle3/r1cfe520bt.png,dalle3
dalle3/r1d6e15d3t.png,dalle3
dalle3/r1d9a31fct.png,dalle3
dalle3/r1de108dft.png,dalle3
dalle3/r1de76a54t.png,dalle3
dalle3/r1df374c1t.png,dalle3
dalle3/r1eaa5d42t.png,dalle3
dalle3/r1f1a3258t.png,dalle3
dalle3/r1011a436t.png,dalle3
dalle3/r05772356t.png,dalle3
dalle3/r116ce066t.png,dalle3
dalle3/r0f8a1531t.png,dalle3
dalle3/r127608abt.png,dalle3
dalle3/r0fd69c12t.png,dalle3
dalle3/r0cd4ffb0t.png,dalle3
dalle3/r0cea5432t.png,dalle3
dalle3/r108ae9b6t.png,dalle3
dalle3/r09f764ect.png,dalle3
dalle3/r0c9e4ff8t.png,dalle3
dalle3/r03f41fdct.png,dalle3
dalle3/r11e134c7t.png,dalle3
dalle3/r12f3bbfat.png,dalle3
dalle3/r06cad2d6t.png,dalle3
dalle3/r0b665b37t.png,dalle3
dalle3/r0f3569c0t.png,dalle3
dalle3/r05647b9at.png,dalle3
dalle3/r026b5360t.png,dalle3
dalle3/r0b4d8af5t.png,dalle3
dalle3/r0f91c753t.png,dalle3
dalle3/r085bdbe2t.png,dalle3
dalle3/r12a97b08t.png,dalle3
dalle3/r0487f5cet.png,dalle3
dalle3/r0f6250d2t.png,dalle3
dalle3/r0b82ae9bt.png,dalle3
dalle3/r039a851bt.png,dalle3
dalle3/r129f24bet.png,dalle3
dalle3/r0b61ed37t.png,dalle3
dalle3/r05d35656t.png,dalle3
dalle3/r11bf0779t.png,dalle3
dalle3/r0fef53bft.png,dalle3
dalle3/r10c5fc29t.png,dalle3
dalle3/r0648cff8t.png,dalle3
dalle3/r0314c3f9t.png,dalle3
dalle3/r0dd6e8f4t.png,dalle3
dalle3/r0e5b5159t.png,dalle3
dalle3/r04317453t.png,dalle3
dalle3/r0c2fb2a1t.png,dalle3
dalle3/r0527f7e6t.png,dalle3
dalle3/r061e2ecft.png,dalle3
dalle3/r02897203t.png,dalle3
dalle3/r0d203f37t.png,dalle3
dalle3/r13934dc7t.png,dalle3
dalle3/r061db45ft.png,dalle3
dalle3/r029afdb0t.png,dalle3
dalle3/r12cf98bet.png,dalle3
dalle3/r0a10fe29t.png,dalle3
dalle3/r125f6e84t.png,dalle3
dalle3/r1070b804t.png,dalle3
dalle3/r0cfedd72t.png,dalle3
dalle3/r06b161adt.png,dalle3
dalle3/r05ac4560t.png,dalle3
dalle3/r06b7849at.png,dalle3
dalle3/r04eda41ct.png,dalle3
dalle3/r0d0ff43at.png,dalle3
dalle3/r0603031et.png,dalle3
dalle3/r08873591t.png,dalle3
dalle3/r00b8d4a2t.png,dalle3
dalle3/r0ba4c4c0t.png,dalle3
dalle3/r0a3c52a0t.png,dalle3
dalle3/r0a2ff882t.png,dalle3
dalle3/r01559391t.png,dalle3
dalle3/r0809811bt.png,dalle3
dalle3/r0fbf62f8t.png,dalle3
dalle3/r0965e155t.png,dalle3
dalle3/r001d260dt.png,dalle3
dalle3/r1023c21et.png,dalle3
dalle3/r028896d3t.png,dalle3
dalle3/r0e63dd12t.png,dalle3
dalle3/r068812d7t.png,dalle3
dalle3/r03193652t.png,dalle3
dalle3/r0287344at.png,dalle3
dalle3/r06bfc92at.png,dalle3
dalle3/r01170470t.png,dalle3
dalle3/r11865f77t.png,dalle3
dalle3/r0fa22d02t.png,dalle3
dalle3/r13073518t.png,dalle3
dalle3/r094ced7bt.png,dalle3
dalle3/r00879054t.png,dalle3
dalle3/r1148801et.png,dalle3
dalle3/r13fccd2ft.png,dalle3
dalle3/r140f3432t.png,dalle3
dalle3/r142787e2t.png,dalle3
dalle3/r145215fft.png,dalle3
dalle3/r14c67ed2t.png,dalle3
dalle3/r14dd8f91t.png,dalle3
dalle3/r14df59fet.png,dalle3
dalle3/r159d3942t.png,dalle3
dalle3/r15a0b476t.png,dalle3
dalle3/r15c91802t.png,dalle3
dalle3/r1655a008t.png,dalle3
dalle3/r16144fa2t.png,dalle3
dalle3/r164c1e13t.png,dalle3
dalle3/r1683028at.png,dalle3
dalle3/r16a02a12t.png,dalle3
dalle3/r17492cd5t.png,dalle3
dalle3/r170b020bt.png,dalle3
dalle3/r1828d94at.png,dalle3
dalle3/r181d64eat.png,dalle3
dalle3/r1986e42bt.png,dalle3
dalle3/r19d72b0ct.png,dalle3
dalle3/r19b49f2ct.png,dalle3
dalle3/r19d47beft.png,dalle3
dalle3/r1a0968bft.png,dalle3
dalle3/r1a1d7e72t.png,dalle3
dalle3/r1a7bb1d6t.png,dalle3
dalle3/r1aa43470t.png,dalle3
dalle3/r1aa4cc99t.png,dalle3
dalle3/r1aa53167t.png,dalle3
dalle3/r1aa7459at.png,dalle3
dalle3/r1ad2de34t.png,dalle3
dalle3/r1b4e82c4t.png,dalle3
dalle3/r1bc3dd23t.png,dalle3
dalle3/r1bc92a89t.png,dalle3
dalle3/r1bf7ff83t.png,dalle3
dalle3/r1c1fef8ft.png,dalle3
dalle3/r1c9fc42at.png,dalle3
dalle3/r1cc0e4e1t.png,dalle3
dalle3/r1d527f65t.png,dalle3
dalle3/r1dbe1b11t.png,dalle3
dalle3/r1db1c478t.png,dalle3
dalle3/r1dbef145t.png,dalle3
dalle3/r1e3b4cdft.png,dalle3
dalle3/r1e69b067t.png,dalle3
dalle3/r1ee6f90et.png,dalle3
dalle3/r1e79c6f9t.png,dalle3
dalle3/r1f2f31e2t.png,dalle3
dalle3/r0773471dt.png,dalle3
dalle3/r005f3e70t.png,dalle3
dalle3/r03640e97t.png,dalle3
dalle3/r06691aa5t.png,dalle3
dalle3/r0897d8aat.png,dalle3
dalle3/r07db8a54t.png,dalle3
dalle3/r04851bf9t.png,dalle3
dalle3/r121f7893t.png,dalle3
dalle3/r04a210b3t.png,dalle3
dalle3/r0ce35df8t.png,dalle3
dalle3/r12d4cabat.png,dalle3
dalle3/r018e74fet.png,dalle3
dalle3/r066b256at.png,dalle3
dalle3/r002fc3e2t.png,dalle3
dalle3/r0f98115dt.png,dalle3
dalle3/r04cfa379t.png,dalle3
dalle3/r012b0f30t.png,dalle3
dalle3/r04eb0d0ft.png,dalle3
dalle3/r0f71782et.png,dalle3
dalle3/r0355b2d5t.png,dalle3
dalle3/r115c449dt.png,dalle3
dalle3/r0c0d0adct.png,dalle3
dalle3/r0ab86ea2t.png,dalle3
dalle3/r0f8e5907t.png,dalle3
dalle3/r083b7636t.png,dalle3
dalle3/r02a0839et.png,dalle3
dalle3/r0d8d62edt.png,dalle3
dalle3/r0e9b0485t.png,dalle3
dalle3/r0e63ca9ft.png,dalle3
dalle3/r12638c95t.png,dalle3
dalle3/r088dcebft.png,dalle3
dalle3/r0905697bt.png,dalle3
dalle3/r125034a9t.png,dalle3
dalle3/r081ad6a3t.png,dalle3
dalle3/r033bb79dt.png,dalle3
dalle3/r10a9ca2at.png,dalle3
dalle3/r02f1ba48t.png,dalle3
dalle3/r09ff1dcet.png,dalle3
dalle3/r083ca67ct.png,dalle3
dalle3/r123ca9b3t.png,dalle3
dalle3/r09a992e9t.png,dalle3
dalle3/r0cde6159t.png,dalle3
dalle3/r079d086et.png,dalle3
dalle3/r10e36316t.png,dalle3
dalle3/r01292fd8t.png,dalle3
dalle3/r0e1a6e2ft.png,dalle3
dalle3/r11d981d2t.png,dalle3
dalle3/r1234de87t.png,dalle3
dalle3/r0f5beb66t.png,dalle3
dalle3/r0faffef3t.png,dalle3
dalle3/r03b0c944t.png,dalle3
dalle3/r09445479t.png,dalle3
dalle3/r01a31693t.png,dalle3
dalle3/r101d6690t.png,dalle3
dalle3/r138ad247t.png,dalle3
dalle3/r04395e54t.png,dalle3
dalle3/r072d955bt.png,dalle3
dalle3/r065a0da9t.png,dalle3
dalle3/r0db011b4t.png,dalle3
dalle3/r0c03e364t.png,dalle3
dalle3/r0c1f588dt.png,dalle3
dalle3/r1138e1aft.png,dalle3
dalle3/r1069cdabt.png,dalle3
dalle3/r097d3563t.png,dalle3
dalle3/r0e965ba7t.png,dalle3
dalle3/r12e170d4t.png,dalle3
dalle3/r0ed019a4t.png,dalle3
dalle3/r05a7750et.png,dalle3
dalle3/r026cedb7t.png,dalle3
dalle3/r0f6d3b31t.png,dalle3
dalle3/r02d732f8t.png,dalle3
dalle3/r09d50960t.png,dalle3
dalle3/r13907965t.png,dalle3
dalle3/r0d0ff4c2t.png,dalle3
dalle3/r0c764979t.png,dalle3
dalle3/r10f888c2t.png,dalle3
dalle3/r08df6903t.png,dalle3
dalle3/r0fb0a690t.png,dalle3
dalle3/r0eb8dfb5t.png,dalle3
dalle3/r03aa5df1t.png,dalle3
dalle3/r09670876t.png,dalle3
dalle3/r04108c64t.png,dalle3
dalle3/r077507cat.png,dalle3
dalle3/r13c7e92dt.png,dalle3
dalle3/r1419078bt.png,dalle3
dalle3/r14586c63t.png,dalle3
dalle3/r15885978t.png,dalle3
dalle3/r1565a7e7t.png,dalle3
dalle3/r15919202t.png,dalle3
dalle3/r15ab6ac6t.png,dalle3
dalle3/r1594b4b3t.png,dalle3
dalle3/r1618da9dt.png,dalle3
dalle3/r16422663t.png,dalle3
dalle3/r169f694ft.png,dalle3
dalle3/r170632f5t.png,dalle3
dalle3/r16ea6386t.png,dalle3
dalle3/r173ee7e8t.png,dalle3
dalle3/r17b2f789t.png,dalle3
dalle3/r1743fb6bt.png,dalle3
dalle3/r177fb9f1t.png,dalle3
dalle3/r17f60607t.png,dalle3
dalle3/r181dd93dt.png,dalle3
dalle3/r1824034et.png,dalle3
dalle3/r182ed662t.png,dalle3
dalle3/r185929e9t.png,dalle3
dalle3/r18791531t.png,dalle3
dalle3/r18990432t.png,dalle3
dalle3/r18e0516bt.png,dalle3
dalle3/r18ce12dct.png,dalle3
dalle3/r1900f7c7t.png,dalle3
dalle3/r193b12aet.png,dalle3
dalle3/r19c9183at.png,dalle3
dalle3/r1a5903fct.png,dalle3
dalle3/r1a020c3ft.png,dalle3
dalle3/r1a8d7a86t.png,dalle3
dalle3/r1bc3a653t.png,dalle3
dalle3/r1b6c1adbt.png,dalle3
dalle3/r1bdb6385t.png,dalle3
dalle3/r1be4943bt.png,dalle3
dalle3/r1c243af7t.png,dalle3
dalle3/r1c874ac4t.png,dalle3
dalle3/r1ca5a385t.png,dalle3
dalle3/r1c9fdcf4t.png,dalle3
dalle3/r1d1d501et.png,dalle3
dalle3/r1d4377f7t.png,dalle3
dalle3/r1d47bfc2t.png,dalle3
dalle3/r1da851e4t.png,dalle3
dalle3/r1ddc0c98t.png,dalle3
dalle3/r1e251abet.png,dalle3
dalle3/r1e7987b3t.png,dalle3
dalle3/r1ec70fd3t.png,dalle3
dalle3/r1ef8b85ft.png,dalle3
dalle3/r1ee65904t.png,dalle3
dalle3/r1eff17eft.png,dalle3
dalle3/r1f5c8451t.png,dalle3
dalle3/r0518cf5dt.png,dalle3
dalle3/r0db6cc31t.png,dalle3
dalle3/r0bbbb097t.png,dalle3
dalle3/r006fcc20t.png,dalle3
dalle3/r08d2b4dat.png,dalle3
dalle3/r141669e5t.png,dalle3
dalle3/r0f5475b5t.png,dalle3
dalle3/r0a8b59bbt.png,dalle3
dalle3/r1301676dt.png,dalle3
dalle3/r0f24ca4dt.png,dalle3
dalle3/r0eb7ee5ct.png,dalle3
dalle3/r0438eb97t.png,dalle3
dalle3/r07e35007t.png,dalle3
dalle3/r15efd876t.png,dalle3
dalle3/r155fe1fat.png,dalle3
dalle3/r162b2209t.png,dalle3
dalle3/r09efa609t.png,dalle3
dalle3/r0450c4c0t.png,dalle3
dalle3/r0ae68527t.png,dalle3
dalle3/r057282fet.png,dalle3
dalle3/r133c5a52t.png,dalle3
dalle3/r07cfb432t.png,dalle3
dalle3/r0207a52ct.png,dalle3
dalle3/r0d61db4ct.png,dalle3
dalle3/r14a51689t.png,dalle3
dalle3/r1104e9e6t.png,dalle3
dalle3/r0f979863t.png,dalle3
dalle3/r04989a70t.png,dalle3
dalle3/r08b12799t.png,dalle3
dalle3/r129f09b4t.png,dalle3
dalle3/r12133015t.png,dalle3
dalle3/r00869422t.png,dalle3
dalle3/r06d3ac60t.png,dalle3
dalle3/r13bb381ct.png,dalle3
dalle3/r08079988t.png,dalle3
dalle3/r0fbb5bc1t.png,dalle3
dalle3/r0dd7b354t.png,dalle3
dalle3/r094cf3c6t.png,dalle3
dalle3/r11c4de0et.png,dalle3
dalle3/r03cef811t.png,dalle3
dalle3/r0a42c0f6t.png,dalle3
dalle3/r00b3931bt.png,dalle3
dalle3/r152d9ff5t.png,dalle3
dalle3/r0a776764t.png,dalle3
dalle3/r062cab38t.png,dalle3
dalle3/r15f16465t.png,dalle3
dalle3/r15d1c836t.png,dalle3
dalle3/r137bcd7at.png,dalle3
dalle3/r0e35d1fct.png,dalle3
dalle3/r13e56300t.png,dalle3
dalle3/r13ae7d1et.png,dalle3
dalle3/r0b03e77at.png,dalle3
dalle3/r0f2e6baft.png,dalle3
dalle3/r09851aa4t.png,dalle3
dalle3/r0a18e454t.png,dalle3
dalle3/r0c5e9567t.png,dalle3
dalle3/r0fae3dbdt.png,dalle3
dalle3/r035ef2c2t.png,dalle3
dalle3/r13928401t.png,dalle3
dalle3/r12cebbd2t.png,dalle3
dalle3/r0a31a2cct.png,dalle3
dalle3/r1297fd0bt.png,dalle3
dalle3/r0a72568ct.png,dalle3
dalle3/r09579ff2t.png,dalle3
dalle3/r0f36ba1bt.png,dalle3
dalle3/r0c32591dt.png,dalle3
dalle3/r0e5dfc8et.png,dalle3
dalle3/r0282ca06t.png,dalle3
dalle3/r0249f733t.png,dalle3
dalle3/r0db31c3ft.png,dalle3
dalle3/r0b50b69ct.png,dalle3
dalle3/r010cb248t.png,dalle3
dalle3/r00c0995ft.png,dalle3
dalle3/r116825e2t.png,dalle3
dalle3/r0fa077bet.png,dalle3
dalle3/r03f70ccdt.png,dalle3
dalle3/r084889d5t.png,dalle3
dalle3/r11aa1ee3t.png,dalle3
dalle3/r12c64de9t.png,dalle3
dalle3/r052df821t.png,dalle3
dalle3/r0a2e85f0t.png,dalle3
dalle3/r12a7e9b5t.png,dalle3
dalle3/r1639a65ct.png,dalle3
dalle3/r169a9b07t.png,dalle3
dalle3/r16da5576t.png,dalle3
dalle3/r16dca6f2t.png,dalle3
dalle3/r17afaaa1t.png,dalle3
dalle3/r180a7062t.png,dalle3
dalle3/r17b873bct.png,dalle3
dalle3/r181768b7t.png,dalle3
dalle3/r1866b73at.png,dalle3
dalle3/r1915909et.png,dalle3
dalle3/r197770adt.png,dalle3
dalle3/r1a2095b2t.png,dalle3
dalle3/r1a7346d0t.png,dalle3
dalle3/r1a7b8c42t.png,dalle3
dalle3/r1aa4db16t.png,dalle3
dalle3/r1aa63558t.png,dalle3
dalle3/r1b09da9ct.png,dalle3
dalle3/r1b57dbb2t.png,dalle3
dalle3/r1b61c7b1t.png,dalle3
dalle3/r1b790721t.png,dalle3
dalle3/r1bd70210t.png,dalle3
dalle3/r1c1e3ec9t.png,dalle3
dalle3/r1c402787t.png,dalle3
dalle3/r1c5ec853t.png,dalle3
dalle3/r1ca0784dt.png,dalle3
dalle3/r1ca254b2t.png,dalle3
dalle3/r1cd8d9a4t.png,dalle3
dalle3/r1ced1907t.png,dalle3
dalle3/r1cfc8ddat.png,dalle3
dalle3/r1d1445b6t.png,dalle3
dalle3/r1d16ad1et.png,dalle3
dalle3/r1d99d1f3t.png,dalle3
dalle3/r1d9eaf70t.png,dalle3
dalle3/r1db351a2t.png,dalle3
dalle3/r1e3303ebt.png,dalle3
dalle3/r1e367d35t.png,dalle3
dalle3/r1e5c27c1t.png,dalle3
dalle3/r1e9ae164t.png,dalle3
dalle3/r1f1a9df4t.png,dalle3
dalle3/r1f446078t.png,dalle3
dalle3/r14289905t.png,dalle3
dalle3/r0cc5a33ct.png,dalle3
dalle3/r13b45303t.png,dalle3
dalle3/r050e1024t.png,dalle3
dalle3/r144e095dt.png,dalle3
dalle3/r0149a21ct.png,dalle3
dalle3/r066358d3t.png,dalle3
dalle3/r165fbf4ft.png,dalle3
dalle3/r0284aa1at.png,dalle3
dalle3/r116fa8b7t.png,dalle3
dalle3/r08c76321t.png,dalle3
dalle3/r021429abt.png,dalle3
dalle3/r0eedd456t.png,dalle3
dalle3/r015b453ft.png,dalle3
dalle3/r169c7350t.png,dalle3
dalle3/r15eef8b9t.png,dalle3
dalle3/r0a19cb85t.png,dalle3
dalle3/r103a4f26t.png,dalle3
dalle3/r02513d19t.png,dalle3
dalle3/r1694427et.png,dalle3
dalle3/r0b3979d0t.png,dalle3
dalle3/r0428df0ct.png,dalle3
dalle3/r01cf60c7t.png,dalle3
dalle3/r01474187t.png,dalle3
dalle3/r0eab8214t.png,dalle3
dalle3/r05db7e7ft.png,dalle3
dalle3/r13a16a0at.png,dalle3
dalle3/r036e2a9at.png,dalle3
dalle3/r00444b95t.png,dalle3
dalle3/r0b1f92a9t.png,dalle3
dalle3/r14f241e4t.png,dalle3
dalle3/r12f02af5t.png,dalle3
dalle3/r0281b52at.png,dalle3
dalle3/r0bc87c20t.png,dalle3
dalle3/r11850456t.png,dalle3
dalle3/r0c6cf00bt.png,dalle3
dalle3/r097555c4t.png,dalle3
dalle3/r0b5a3035t.png,dalle3
dalle3/r0250eb80t.png,dalle3
dalle3/r15f07f9dt.png,dalle3
dalle3/r0a8e5f8at.png,dalle3
dalle3/r1661f358t.png,dalle3
dalle3/r0f91360ct.png,dalle3
dalle3/r092b4511t.png,dalle3
dalle3/r0dd60980t.png,dalle3
dalle3/r0fdfc4f0t.png,dalle3
dalle3/r0200a7a6t.png,dalle3
dalle3/r16192cf0t.png,dalle3
dalle3/r0bdc7894t.png,dalle3
dalle3/r01d9da09t.png,dalle3
dalle3/r08b05c94t.png,dalle3
dalle3/r0c486c0at.png,dalle3
dalle3/r1267fa5bt.png,dalle3
dalle3/r0b7b1156t.png,dalle3
dalle3/r0c8f3ce5t.png,dalle3
dalle3/r04b8473dt.png,dalle3
dalle3/r13a5bb6bt.png,dalle3
dalle3/r043951a3t.png,dalle3
dalle3/r018ba134t.png,dalle3
dalle3/r02b3a1ddt.png,dalle3
dalle3/r04aceb4et.png,dalle3
dalle3/r1126b615t.png,dalle3
dalle3/r07e1e8cbt.png,dalle3
dalle3/r1602555bt.png,dalle3
dalle3/r138ceafbt.png,dalle3
dalle3/r07f22efdt.png,dalle3
dalle3/r08ac875ct.png,dalle3
dalle3/r0a5d7cb6t.png,dalle3
dalle3/r05f3f6a5t.png,dalle3
dalle3/r175da907t.png,dalle3
dalle3/r027a692ft.png,dalle3
dalle3/r08788547t.png,dalle3
dalle3/r133bb357t.png,dalle3
dalle3/r0777fea4t.png,dalle3
dalle3/r0bf1bbect.png,dalle3
dalle3/r17217693t.png,dalle3
dalle3/r146771d7t.png,dalle3
dalle3/r13493fa3t.png,dalle3
dalle3/r06aa7dabt.png,dalle3
dalle3/r02f5c155t.png,dalle3
dalle3/r041c02cat.png,dalle3
dalle3/r01291f20t.png,dalle3
dalle3/r1378de81t.png,dalle3
dalle3/r0e7b407bt.png,dalle3
dalle3/r18302db2t.png,dalle3
dalle3/r18d1abact.png,dalle3
dalle3/r188eb234t.png,dalle3
dalle3/r191f3cdet.png,dalle3
dalle3/r18fafe10t.png,dalle3
dalle3/r192ae577t.png,dalle3
dalle3/r195f12adt.png,dalle3
dalle3/r198ae140t.png,dalle3
dalle3/r1a0f5585t.png,dalle3
dalle3/r1a28d44bt.png,dalle3
dalle3/r1a4651edt.png,dalle3
dalle3/r1a877849t.png,dalle3
dalle3/r1a845144t.png,dalle3
dalle3/r1a91c337t.png,dalle3
dalle3/r1ad3fa6dt.png,dalle3
dalle3/r1ae12b3ft.png,dalle3
dalle3/r1ad9cd64t.png,dalle3
dalle3/r1b547547t.png,dalle3
dalle3/r1b8b1b14t.png,dalle3
dalle3/r1bcfab73t.png,dalle3
dalle3/r1bc4e4act.png,dalle3
dalle3/r1bf00696t.png,dalle3
dalle3/r1bfbaab3t.png,dalle3
dalle3/r1c83ec1dt.png,dalle3
dalle3/r1c2ac865t.png,dalle3
dalle3/r1db5be20t.png,dalle3
dalle3/r1dd998dft.png,dalle3
dalle3/r1dea56e5t.png,dalle3
dalle3/r1e52a39dt.png,dalle3
dalle3/r1e56884ft.png,dalle3
dalle3/r1e8e493ct.png,dalle3
dalle3/r1ea8ccbbt.png,dalle3
dalle3/r1ef15cb3t.png,dalle3
dalle3/r1efcf847t.png,dalle3
dalle3/r1f20d8b5t.png,dalle3
dalle3/r1f40decct.png,dalle3
dalle3/r1f5ad4e0t.png,dalle3
firefly/r05839451t.png,firefly
firefly/r006b0e4bt.png,firefly
firefly/r0191aaf4t.png,firefly
firefly/r01a5f38at.png,firefly
firefly/r01ef1b4at.png,firefly
firefly/r02354285t.png,firefly
firefly/r02f9f53et.png,firefly
firefly/r038922cbt.png,firefly
firefly/r03c8ddcft.png,firefly
firefly/r03d2a758t.png,firefly
firefly/r04160d64t.png,firefly
firefly/r046852c1t.png,firefly
firefly/r048c50d0t.png,firefly
firefly/r049f471dt.png,firefly
firefly/r04e7644dt.png,firefly
firefly/r052e9174t.png,firefly
firefly/r056c0ee6t.png,firefly
firefly/r059cae86t.png,firefly
firefly/r05f3bc6ct.png,firefly
firefly/r05bf2f53t.png,firefly
firefly/r05f66e6dt.png,firefly
firefly/r065472d8t.png,firefly
firefly/r061433aft.png,firefly
firefly/r06888d38t.png,firefly
firefly/r06c4bcb9t.png,firefly
firefly/r07b99141t.png,firefly
firefly/r06e1a520t.png,firefly
firefly/r07598392t.png,firefly
firefly/r07c47354t.png,firefly
firefly/r07f99a1at.png,firefly
firefly/r085a5f53t.png,firefly
firefly/r08b04f65t.png,firefly
firefly/r08d9a0cet.png,firefly
firefly/r09dc6407t.png,firefly
firefly/r0a0852c6t.png,firefly
firefly/r0a4ce555t.png,firefly
firefly/r0a54ed98t.png,firefly
firefly/r0ab7202ft.png,firefly
firefly/r0a779af2t.png,firefly
firefly/r0af5a8cct.png,firefly
firefly/r0b59fc2bt.png,firefly
firefly/r0b6e4254t.png,firefly
firefly/r0b735401t.png,firefly
firefly/r0b755540t.png,firefly
firefly/r0b99ac3ct.png,firefly
firefly/r0bc7d0eet.png,firefly
firefly/r0c3a8ea0t.png,firefly
firefly/r0d1dd61ft.png,firefly
firefly/r0deb6dadt.png,firefly
firefly/r0dff226et.png,firefly
firefly/r0e661e0dt.png,firefly
firefly/r0eb9e900t.png,firefly
firefly/r0eba1984t.png,firefly
firefly/r0ebb0bb4t.png,firefly
firefly/r0ebb5ca2t.png,firefly
firefly/r0fe270aet.png,firefly
firefly/r0fbd0c71t.png,firefly
firefly/r0fe7b1c6t.png,firefly
firefly/r10893508t.png,firefly
firefly/r10940798t.png,firefly
firefly/r110cc74ct.png,firefly
firefly/r115e2464t.png,firefly
firefly/r126a22b8t.png,firefly
firefly/r11e26097t.png,firefly
firefly/r12946364t.png,firefly
firefly/r12ed2816t.png,firefly
firefly/r1372056ct.png,firefly
firefly/r13837601t.png,firefly
firefly/r13c19caft.png,firefly
firefly/r142335f0t.png,firefly
firefly/r1426cde6t.png,firefly
firefly/r145221d9t.png,firefly
firefly/r1468a9e1t.png,firefly
firefly/r14bfe6f4t.png,firefly
firefly/r14902ba4t.png,firefly
firefly/r150058a4t.png,firefly
firefly/r16698b6et.png,firefly
firefly/r16d46fa3t.png,firefly
firefly/r170df29ct.png,firefly
firefly/r1717ae55t.png,firefly
firefly/r171d73aat.png,firefly
firefly/r17ad56act.png,firefly
firefly/r18393aeet.png,firefly
firefly/r1889220ft.png,firefly
firefly/r18d72ab2t.png,firefly
firefly/r18ea00c8t.png,firefly
firefly/r191488c6t.png,firefly
firefly/r19835fbft.png,firefly
firefly/r19fe3107t.png,firefly
firefly/r19924edft.png,firefly
firefly/r1a11b3c0t.png,firefly
firefly/r1a343192t.png,firefly
firefly/r1a485a99t.png,firefly
firefly/r1a9783cdt.png,firefly
firefly/r1aef663et.png,firefly
firefly/r1a9de6e9t.png,firefly
firefly/r1b106abdt.png,firefly
firefly/r1be2a3d5t.png,firefly
firefly/r1c070921t.png,firefly
firefly/r1c4ae120t.png,firefly
firefly/r1c6377bat.png,firefly
firefly/r1cde4afbt.png,firefly
firefly/r1e14f45ct.png,firefly
firefly/r1d53fccat.png,firefly
firefly/r1ea13eb4t.png,firefly
firefly/r1ead3024t.png,firefly
firefly/r1f3e6681t.png,firefly
firefly/r1ebee709t.png,firefly
firefly/r1ef16e0dt.png,firefly
firefly/r1f23f4ddt.png,firefly
firefly/r1f4a44a7t.png,firefly
firefly/r052df821t.png,firefly
firefly/r012d1dbet.png,firefly
firefly/r022af74ct.png,firefly
firefly/r02e1abe2t.png,firefly
firefly/r040b3002t.png,firefly
firefly/r0225b88bt.png,firefly
firefly/r0342f22ct.png,firefly
firefly/r03bf5648t.png,firefly
firefly/r056d6bebt.png,firefly
firefly/r02b7536at.png,firefly
firefly/r053d2196t.png,firefly
firefly/r02a21f6ct.png,firefly
firefly/r031917act.png,firefly
firefly/r02210c2at.png,firefly
firefly/r0372042dt.png,firefly
firefly/r038422cft.png,firefly
firefly/r0288b58ct.png,firefly
firefly/r02508493t.png,firefly
firefly/r0408fe9ft.png,firefly
firefly/r00679daet.png,firefly
firefly/r008a2095t.png,firefly
firefly/r0383e9c3t.png,firefly
firefly/r0356ea60t.png,firefly
firefly/r059ce7d0t.png,firefly
firefly/r063d8a61t.png,firefly
firefly/r066ef803t.png,firefly
firefly/r06743f8ft.png,firefly
firefly/r0676c50at.png,firefly
firefly/r06836fdat.png,firefly
firefly/r0703243bt.png,firefly
firefly/r072421a1t.png,firefly
firefly/r070a874ct.png,firefly
firefly/r072649fdt.png,firefly
firefly/r075baf3ct.png,firefly
firefly/r07c51648t.png,firefly
firefly/r07dba73ft.png,firefly
firefly/r07e242b7t.png,firefly
firefly/r07e594d6t.png,firefly
firefly/r08307e1at.png,firefly
firefly/r08996953t.png,firefly
firefly/r08cbbab9t.png,firefly
firefly/r08abaa78t.png,firefly
firefly/r09a79474t.png,firefly
firefly/r0a2e85f0t.png,firefly
firefly/r0a808003t.png,firefly
firefly/r0a9384b1t.png,firefly
firefly/r0a94587ft.png,firefly
firefly/r0b591bc3t.png,firefly
firefly/r0ac70243t.png,firefly
firefly/r0b5b85d0t.png,firefly
firefly/r0b841e5at.png,firefly
firefly/r0bc0e549t.png,firefly
firefly/r0bbd0b0et.png,firefly
firefly/r0c795771t.png,firefly
firefly/r0c7fcc38t.png,firefly
firefly/r0cbdc6f8t.png,firefly
firefly/r0d796d4ft.png,firefly
firefly/r0de97473t.png,firefly
firefly/r0eb07be3t.png,firefly
firefly/r0eea5a7et.png,firefly
firefly/r0f22c43ct.png,firefly
firefly/r0f38373ct.png,firefly
firefly/r0f2c63d2t.png,firefly
firefly/r0f3f14cbt.png,firefly
firefly/r0f86049ct.png,firefly
firefly/r10134c59t.png,firefly
firefly/r0fbe1b0ft.png,firefly
firefly/r101af5b4t.png,firefly
firefly/r1077d1f2t.png,firefly
firefly/r110b4219t.png,firefly
firefly/r10f2ac48t.png,firefly
firefly/r113402d4t.png,firefly
firefly/r113ee9edt.png,firefly
firefly/r113b7fb4t.png,firefly
firefly/r11a7deb7t.png,firefly
firefly/r1218b33at.png,firefly
firefly/r12a7e9b5t.png,firefly
firefly/r12c1798bt.png,firefly
firefly/r12c5f70bt.png,firefly
firefly/r131a8f7et.png,firefly
firefly/r12daa983t.png,firefly
firefly/r132d538et.png,firefly
firefly/r137f062ft.png,firefly
firefly/r13de1e12t.png,firefly
firefly/r14556dabt.png,firefly
firefly/r141665bdt.png,firefly
firefly/r144f25eet.png,firefly
firefly/r15028ceft.png,firefly
firefly/r15199ae3t.png,firefly
firefly/r1570dd6at.png,firefly
firefly/r16113cc8t.png,firefly
firefly/r163967d4t.png,firefly
firefly/r165355c0t.png,firefly
firefly/r1644d874t.png,firefly
firefly/r16654024t.png,firefly
firefly/r16d6c35dt.png,firefly
firefly/r17228bbdt.png,firefly
firefly/r179ed8d7t.png,firefly
firefly/r179bb406t.png,firefly
firefly/r181768b7t.png,firefly
firefly/r184f08dat.png,firefly
firefly/r187df69ft.png,firefly
firefly/r1934e29ft.png,firefly
firefly/r19be5c05t.png,firefly
firefly/r194c49f5t.png,firefly
firefly/r19d92967t.png,firefly
firefly/r1a7e4791t.png,firefly
firefly/r1a57cb29t.png,firefly
firefly/r1a8ee526t.png,firefly
firefly/r1ab0bb20t.png,firefly
firefly/r1ab1679et.png,firefly
firefly/r1b177fe1t.png,firefly
firefly/r1b9e9917t.png,firefly
firefly/r1baf2ce0t.png,firefly
firefly/r1c24a571t.png,firefly
firefly/r1c31a90bt.png,firefly
firefly/r1c5a4928t.png,firefly
firefly/r1ca2ef38t.png,firefly
firefly/r1cb7084et.png,firefly
firefly/r1d00d8ect.png,firefly
firefly/r1d1cf607t.png,firefly
firefly/r1d431afft.png,firefly
firefly/r1dc4077at.png,firefly
firefly/r1e504ebbt.png,firefly
firefly/r1dd9d6bft.png,firefly
firefly/r1e698e5dt.png,firefly
firefly/r1e8acc5ct.png,firefly
firefly/r1e9c8a5dt.png,firefly
firefly/r1f1178cet.png,firefly
firefly/r1f16e2abt.png,firefly
firefly/r1f2c2acft.png,firefly
firefly/r04172edct.png,firefly
firefly/r01d0b83bt.png,firefly
firefly/r000da54ft.png,firefly
firefly/r08f2d4c6t.png,firefly
firefly/r098cf7aet.png,firefly
firefly/r0465565ct.png,firefly
firefly/r01058910t.png,firefly
firefly/r01c95f68t.png,firefly
firefly/r098a8a22t.png,firefly
firefly/r01b6aed6t.png,firefly
firefly/r07ece355t.png,firefly
firefly/r056f233bt.png,firefly
firefly/r09696ba3t.png,firefly
firefly/r0833f646t.png,firefly
firefly/r0744a10et.png,firefly
firefly/r09b86185t.png,firefly
firefly/r0108c383t.png,firefly
firefly/r05d59d7ct.png,firefly
firefly/r069e346et.png,firefly
firefly/r0176fbcat.png,firefly
firefly/r08b41f18t.png,firefly
firefly/r00a940e1t.png,firefly
firefly/r0667a51ft.png,firefly
firefly/r09245347t.png,firefly
firefly/r06a52b7bt.png,firefly
firefly/r089cae91t.png,firefly
firefly/r07cf907dt.png,firefly
firefly/r00816405t.png,firefly
firefly/r042d7b17t.png,firefly
firefly/r04c566a0t.png,firefly
firefly/r097088c1t.png,firefly
firefly/r01511e3et.png,firefly
firefly/r01cbb7fdt.png,firefly
firefly/r07d5eb94t.png,firefly
firefly/r03ed2669t.png,firefly
firefly/r0417f5e3t.png,firefly
firefly/r0941aa38t.png,firefly
firefly/r0701ca45t.png,firefly
firefly/r08276bf9t.png,firefly
firefly/r00c4a543t.png,firefly
firefly/r033daaa0t.png,firefly
firefly/r03995a8ct.png,firefly
firefly/r05d9d749t.png,firefly
firefly/r0708431at.png,firefly
firefly/r039a5ef5t.png,firefly
firefly/r09c15af7t.png,firefly
firefly/r09d7cd4et.png,firefly
firefly/r09c8e042t.png,firefly
firefly/r0a64ce0bt.png,firefly
firefly/r0a71c689t.png,firefly
firefly/r0aaa70c3t.png,firefly
firefly/r0ab0a205t.png,firefly
firefly/r0b07b945t.png,firefly
firefly/r0b0cd69et.png,firefly
firefly/r0b0e2ba5t.png,firefly
firefly/r0b3220e1t.png,firefly
firefly/r0b76b82ft.png,firefly
firefly/r0c925d34t.png,firefly
firefly/r0d280006t.png,firefly
firefly/r0d56c1d7t.png,firefly
firefly/r0d89edd8t.png,firefly
firefly/r0ea0825ft.png,firefly
firefly/r0ed844b5t.png,firefly
firefly/r0edb165ft.png,firefly
firefly/r0f1a3f00t.png,firefly
firefly/r0f4ece9bt.png,firefly
firefly/r0ff7a848t.png,firefly
firefly/r101eab0dt.png,firefly
firefly/r104153eat.png,firefly
firefly/r108301e3t.png,firefly
firefly/r10a207det.png,firefly
firefly/r10ab8058t.png,firefly
firefly/r11a5b93dt.png,firefly
firefly/r11b292cbt.png,firefly
firefly/r125442fat.png,firefly
firefly/r128cc6fbt.png,firefly
firefly/r128dfb38t.png,firefly
firefly/r135df877t.png,firefly
firefly/r1322c4d6t.png,firefly
firefly/r13a9002bt.png,firefly
firefly/r13b5b161t.png,firefly
firefly/r13dab3c7t.png,firefly
firefly/r142b504bt.png,firefly
firefly/r14c2d3fct.png,firefly
firefly/r14ca1259t.png,firefly
firefly/r150b1b51t.png,firefly
firefly/r154d7294t.png,firefly
firefly/r1554cfadt.png,firefly
firefly/r1580c37ft.png,firefly
firefly/r1645a09ct.png,firefly
firefly/r16509308t.png,firefly
firefly/r171eeaf8t.png,firefly
firefly/r177dd68et.png,firefly
firefly/r17d11b3at.png,firefly
firefly/r17fe8532t.png,firefly
firefly/r180bcbd7t.png,firefly
firefly/r1810ba7at.png,firefly
firefly/r1882b6e6t.png,firefly
firefly/r18798194t.png,firefly
firefly/r189be0d8t.png,firefly
firefly/r195a5f44t.png,firefly
firefly/r18d9feeat.png,firefly
firefly/r198ea6a5t.png,firefly
firefly/r1a2d8b02t.png,firefly
firefly/r1a499b96t.png,firefly
firefly/r1a60a2bdt.png,firefly
firefly/r1a7feb2bt.png,firefly
firefly/r1a9acd94t.png,firefly
firefly/r1af60295t.png,firefly
firefly/r1b262b72t.png,firefly
firefly/r1bc23d6et.png,firefly
firefly/r1bca2388t.png,firefly
firefly/r1bc355f2t.png,firefly
firefly/r1c09b002t.png,firefly
firefly/r1c146589t.png,firefly
firefly/r1c4e6a62t.png,firefly
firefly/r1c56a2bct.png,firefly
firefly/r1c6b4a23t.png,firefly
firefly/r1c717a46t.png,firefly
firefly/r1c99500bt.png,firefly
firefly/r1ceba29dt.png,firefly
firefly/r1d2bb70at.png,firefly
firefly/r1d679eaet.png,firefly
firefly/r1d79b6e7t.png,firefly
firefly/r1db2847et.png,firefly
firefly/r1e9082f9t.png,firefly
firefly/r1db61cf8t.png,firefly
firefly/r1f06581bt.png,firefly
firefly/r1f11809bt.png,firefly
firefly/r1f48d12dt.png,firefly
firefly/r1f4f8a51t.png,firefly
firefly/r01291f20t.png,firefly
firefly/r007f5116t.png,firefly
firefly/r062b9259t.png,firefly
firefly/r00617aa1t.png,firefly
firefly/r096982ddt.png,firefly
firefly/r056daad2t.png,firefly
firefly/r00de2590t.png,firefly
firefly/r0589558at.png,firefly
firefly/r0a966704t.png,firefly
firefly/r04b4d5aft.png,firefly
firefly/r0150031ft.png,firefly
firefly/r01b3f004t.png,firefly
firefly/r0141f0c9t.png,firefly
firefly/r08414c5at.png,firefly
firefly/r008ed083t.png,firefly
firefly/r047aa954t.png,firefly
firefly/r05243256t.png,firefly
firefly/r02059ab4t.png,firefly
firefly/r05718fd6t.png,firefly
firefly/r084a4ccet.png,firefly
firefly/r019eb1cbt.png,firefly
firefly/r0985dc6ct.png,firefly
firefly/r04e818bat.png,firefly
firefly/r04e19833t.png,firefly
firefly/r09488b39t.png,firefly
firefly/r040bf4a5t.png,firefly
firefly/r0515a051t.png,firefly
firefly/r09d5cb41t.png,firefly
firefly/r00d161b7t.png,firefly
firefly/r09a60f63t.png,firefly
firefly/r017904f0t.png,firefly
firefly/r0b17fd57t.png,firefly
firefly/r07ffdc87t.png,firefly
firefly/r087a13a6t.png,firefly
firefly/r0adac68bt.png,firefly
firefly/r02189767t.png,firefly
firefly/r03389e9bt.png,firefly
firefly/r037a250ft.png,firefly
firefly/r07d13149t.png,firefly
firefly/r0670f47ft.png,firefly
firefly/r042d5308t.png,firefly
firefly/r0279b17bt.png,firefly
firefly/r082626aft.png,firefly
firefly/r045be2act.png,firefly
firefly/r04c11390t.png,firefly
firefly/r0b42926ct.png,firefly
firefly/r0c1de5e1t.png,firefly
firefly/r0bc1a779t.png,firefly
firefly/r0bf7f938t.png,firefly
firefly/r0c9910e4t.png,firefly
firefly/r0e04cc91t.png,firefly
firefly/r0e7b407bt.png,firefly
firefly/r0ebdd2d2t.png,firefly
firefly/r0ed16e26t.png,firefly
firefly/r0f137652t.png,firefly
firefly/r0f1aef1ft.png,firefly
firefly/r0f25b326t.png,firefly
firefly/r0fc39b66t.png,firefly
firefly/r101e18b6t.png,firefly
firefly/r102b4aa4t.png,firefly
firefly/r107730b5t.png,firefly
firefly/r10944b31t.png,firefly
firefly/r10cf67d1t.png,firefly
firefly/r110f894ft.png,firefly
firefly/r11a4e1cbt.png,firefly
firefly/r123c6433t.png,firefly
firefly/r127d47e0t.png,firefly
firefly/r1293f8ect.png,firefly
firefly/r12cbfb1et.png,firefly
firefly/r1328ee94t.png,firefly
firefly/r1344c943t.png,firefly
firefly/r1378de81t.png,firefly
firefly/r13c85634t.png,firefly
firefly/r13f26c35t.png,firefly
firefly/r141e4467t.png,firefly
firefly/r1461e2d7t.png,firefly
firefly/r14a9a843t.png,firefly
firefly/r14a595b6t.png,firefly
firefly/r15499cd8t.png,firefly
firefly/r1567e512t.png,firefly
firefly/r15dcfacct.png,firefly
firefly/r15dfc1b8t.png,firefly
firefly/r163317d6t.png,firefly
firefly/r17754c77t.png,firefly
firefly/r179ec4e8t.png,firefly
firefly/r17c76042t.png,firefly
firefly/r186c09e4t.png,firefly
firefly/r1800ab47t.png,firefly
firefly/r18d866e1t.png,firefly
firefly/r1904147dt.png,firefly
firefly/r19183258t.png,firefly
firefly/r19ba7288t.png,firefly
firefly/r1a07dd25t.png,firefly
firefly/r1a170ddbt.png,firefly
firefly/r1a1d24b2t.png,firefly
firefly/r1a711e27t.png,firefly
firefly/r1a845144t.png,firefly
firefly/r1a8fe570t.png,firefly
firefly/r1b165d45t.png,firefly
firefly/r1b17f0f0t.png,firefly
firefly/r1b1c1019t.png,firefly
firefly/r1b32a6bct.png,firefly
firefly/r1b2765ebt.png,firefly
firefly/r1bddecd6t.png,firefly
firefly/r1b547547t.png,firefly
firefly/r1bf4e594t.png,firefly
firefly/r1c028de8t.png,firefly
firefly/r1c4d4720t.png,firefly
firefly/r1c23e440t.png,firefly
firefly/r1c4deb71t.png,firefly
firefly/r1ca6cc12t.png,firefly
firefly/r1cad9823t.png,firefly
firefly/r1cc04f4ft.png,firefly
firefly/r1cfe520bt.png,firefly
firefly/r1d6e15d3t.png,firefly
firefly/r1d9a31fct.png,firefly
firefly/r1de76a54t.png,firefly
firefly/r1de108dft.png,firefly
firefly/r1df374c1t.png,firefly
firefly/r1eaa5d42t.png,firefly
firefly/r1f1a3258t.png,firefly
firefly/r0b985828t.png,firefly
firefly/r0773471dt.png,firefly
firefly/r005f3e70t.png,firefly
firefly/r03640e97t.png,firefly
firefly/r06691aa5t.png,firefly
firefly/r0897d8aat.png,firefly
firefly/r07db8a54t.png,firefly
firefly/r04851bf9t.png,firefly
firefly/r121f7893t.png,firefly
firefly/r04a210b3t.png,firefly
firefly/r0ce35df8t.png,firefly
firefly/r12d4cabat.png,firefly
firefly/r018e74fet.png,firefly
firefly/r066b256at.png,firefly
firefly/r002fc3e2t.png,firefly
firefly/r0f98115dt.png,firefly
firefly/r04cfa379t.png,firefly
firefly/r012b0f30t.png,firefly
firefly/r04eb0d0ft.png,firefly
firefly/r0f71782et.png,firefly
firefly/r0355b2d5t.png,firefly
firefly/r115c449dt.png,firefly
firefly/r0c0d0adct.png,firefly
firefly/r0ab86ea2t.png,firefly
firefly/r0f8e5907t.png,firefly
firefly/r083b7636t.png,firefly
firefly/r02a0839et.png,firefly
firefly/r0d8d62edt.png,firefly
firefly/r0e9b0485t.png,firefly
firefly/r0e63ca9ft.png,firefly
firefly/r12638c95t.png,firefly
firefly/r088dcebft.png,firefly
firefly/r0905697bt.png,firefly
firefly/r125034a9t.png,firefly
firefly/r081ad6a3t.png,firefly
firefly/r033bb79dt.png,firefly
firefly/r10a9ca2at.png,firefly
firefly/r02f1ba48t.png,firefly
firefly/r09ff1dcet.png,firefly
firefly/r083ca67ct.png,firefly
firefly/r123ca9b3t.png,firefly
firefly/r09a992e9t.png,firefly
firefly/r0cde6159t.png,firefly
firefly/r079d086et.png,firefly
firefly/r10e36316t.png,firefly
firefly/r01292fd8t.png,firefly
firefly/r0e1a6e2ft.png,firefly
firefly/r11d981d2t.png,firefly
firefly/r1234de87t.png,firefly
firefly/r0f5beb66t.png,firefly
firefly/r0faffef3t.png,firefly
firefly/r03b0c944t.png,firefly
firefly/r09445479t.png,firefly
firefly/r01a31693t.png,firefly
firefly/r101d6690t.png,firefly
firefly/r04395e54t.png,firefly
firefly/r072d955bt.png,firefly
firefly/r065a0da9t.png,firefly
firefly/r0db011b4t.png,firefly
firefly/r0c03e364t.png,firefly
firefly/r0c1f588dt.png,firefly
firefly/r1138e1aft.png,firefly
firefly/r1069cdabt.png,firefly
firefly/r097d3563t.png,firefly
firefly/r0e965ba7t.png,firefly
firefly/r12e170d4t.png,firefly
firefly/r0ed019a4t.png,firefly
firefly/r05a7750et.png,firefly
firefly/r026cedb7t.png,firefly
firefly/r0f6d3b31t.png,firefly
firefly/r02d732f8t.png,firefly
firefly/r09d50960t.png,firefly
firefly/r0d0ff4c2t.png,firefly
firefly/r0c764979t.png,firefly
firefly/r10f888c2t.png,firefly
firefly/r08df6903t.png,firefly
firefly/r0fb0a690t.png,firefly
firefly/r0eb8dfb5t.png,firefly
firefly/r03aa5df1t.png,firefly
firefly/r09670876t.png,firefly
firefly/r04108c64t.png,firefly
firefly/r077507cat.png,firefly
firefly/r07df029bt.png,firefly
firefly/r108ba35et.png,firefly
firefly/r134ba6abt.png,firefly
firefly/r138ad247t.png,firefly
firefly/r1419078bt.png,firefly
firefly/r13907965t.png,firefly
firefly/r13c7e92dt.png,firefly
firefly/r14586c63t.png,firefly
firefly/r1565a7e7t.png,firefly
firefly/r15885978t.png,firefly
firefly/r15919202t.png,firefly
firefly/r1594b4b3t.png,firefly
firefly/r15ab6ac6t.png,firefly
firefly/r1618da9dt.png,firefly
firefly/r16422663t.png,firefly
firefly/r169f694ft.png,firefly
firefly/r16ea6386t.png,firefly
firefly/r170632f5t.png,firefly
firefly/r1743fb6bt.png,firefly
firefly/r173ee7e8t.png,firefly
firefly/r177fb9f1t.png,firefly
firefly/r17b2f789t.png,firefly
firefly/r17f60607t.png,firefly
firefly/r181dd93dt.png,firefly
firefly/r1824034et.png,firefly
firefly/r185929e9t.png,firefly
firefly/r182ed662t.png,firefly
firefly/r18791531t.png,firefly
firefly/r18990432t.png,firefly
firefly/r18ce12dct.png,firefly
firefly/r18e0516bt.png,firefly
firefly/r1900f7c7t.png,firefly
firefly/r193b12aet.png,firefly
firefly/r19c9183at.png,firefly
firefly/r1a020c3ft.png,firefly
firefly/r1a5903fct.png,firefly
firefly/r1a8d7a86t.png,firefly
firefly/r1b6c1adbt.png,firefly
firefly/r1bdb6385t.png,firefly
firefly/r1bc3a653t.png,firefly
firefly/r1be4943bt.png,firefly
firefly/r1c243af7t.png,firefly
firefly/r1c9fdcf4t.png,firefly
firefly/r1c874ac4t.png,firefly
firefly/r1ca5a385t.png,firefly
firefly/r1d1d501et.png,firefly
firefly/r1d47bfc2t.png,firefly
firefly/r1d3bc675t.png,firefly
firefly/r1d4377f7t.png,firefly
firefly/r1d93553ct.png,firefly
firefly/r1da851e4t.png,firefly
firefly/r1e7987b3t.png,firefly
firefly/r1ddc0c98t.png,firefly
firefly/r1e251abet.png,firefly
firefly/r1ee65904t.png,firefly
firefly/r1ec70fd3t.png,firefly
firefly/r1ef8b85ft.png,firefly
firefly/r1eff17eft.png,firefly
firefly/r1f5c8451t.png,firefly
firefly/r1011a436t.png,firefly
firefly/r05772356t.png,firefly
firefly/r116ce066t.png,firefly
firefly/r0f8a1531t.png,firefly
firefly/r127608abt.png,firefly
firefly/r0fd69c12t.png,firefly
firefly/r0cd4ffb0t.png,firefly
firefly/r0cea5432t.png,firefly
firefly/r108ae9b6t.png,firefly
firefly/r09f764ect.png,firefly
firefly/r0c9e4ff8t.png,firefly
firefly/r03f41fdct.png,firefly
firefly/r11e134c7t.png,firefly
firefly/r12f3bbfat.png,firefly
firefly/r06cad2d6t.png,firefly
firefly/r0b665b37t.png,firefly
firefly/r0f3569c0t.png,firefly
firefly/r05647b9at.png,firefly
firefly/r026b5360t.png,firefly
firefly/r0b4d8af5t.png,firefly
firefly/r0f91c753t.png,firefly
firefly/r085bdbe2t.png,firefly
firefly/r12a97b08t.png,firefly
firefly/r0487f5cet.png,firefly
firefly/r0f6250d2t.png,firefly
firefly/r0b82ae9bt.png,firefly
firefly/r039a851bt.png,firefly
firefly/r129f24bet.png,firefly
firefly/r0b61ed37t.png,firefly
firefly/r05d35656t.png,firefly
firefly/r11bf0779t.png,firefly
firefly/r0fef53bft.png,firefly
firefly/r10c5fc29t.png,firefly
firefly/r0648cff8t.png,firefly
firefly/r0314c3f9t.png,firefly
firefly/r0dd6e8f4t.png,firefly
firefly/r13fccd2ft.png,firefly
firefly/r0e5b5159t.png,firefly
firefly/r04317453t.png,firefly
firefly/r0c2fb2a1t.png,firefly
firefly/r0527f7e6t.png,firefly
firefly/r061e2ecft.png,firefly
firefly/r02897203t.png,firefly
firefly/r0d203f37t.png,firefly
firefly/r13934dc7t.png,firefly
firefly/r061db45ft.png,firefly
firefly/r029afdb0t.png,firefly
firefly/r12cf98bet.png,firefly
firefly/r0a10fe29t.png,firefly
firefly/r125f6e84t.png,firefly
firefly/r1070b804t.png,firefly
firefly/r0cfedd72t.png,firefly
firefly/r06b161adt.png,firefly
firefly/r05ac4560t.png,firefly
firefly/r06b7849at.png,firefly
firefly/r04eda41ct.png,firefly
firefly/r0d0ff43at.png,firefly
firefly/r0603031et.png,firefly
firefly/r08873591t.png,firefly
firefly/r00b8d4a2t.png,firefly
firefly/r0ba4c4c0t.png,firefly
firefly/r0a3c52a0t.png,firefly
firefly/r0a2ff882t.png,firefly
firefly/r01559391t.png,firefly
firefly/r0809811bt.png,firefly
firefly/r0fbf62f8t.png,firefly
firefly/r0965e155t.png,firefly
firefly/r001d260dt.png,firefly
firefly/r1023c21et.png,firefly
firefly/r028896d3t.png,firefly
firefly/r0e63dd12t.png,firefly
firefly/r068812d7t.png,firefly
firefly/r03193652t.png,firefly
firefly/r0287344at.png,firefly
firefly/r06bfc92at.png,firefly
firefly/r01170470t.png,firefly
firefly/r11865f77t.png,firefly
firefly/r0fa22d02t.png,firefly
firefly/r13073518t.png,firefly
firefly/r094ced7bt.png,firefly
firefly/r00879054t.png,firefly
firefly/r1148801et.png,firefly
firefly/r140f3432t.png,firefly
firefly/r142787e2t.png,firefly
firefly/r145215fft.png,firefly
firefly/r14c67ed2t.png,firefly
firefly/r14dd8f91t.png,firefly
firefly/r14df59fet.png,firefly
firefly/r159d3942t.png,firefly
firefly/r15a0b476t.png,firefly
firefly/r15c91802t.png,firefly
firefly/r16144fa2t.png,firefly
firefly/r164c1e13t.png,firefly
firefly/r1655a008t.png,firefly
firefly/r1683028at.png,firefly
firefly/r16a02a12t.png,firefly
firefly/r170b020bt.png,firefly
firefly/r17492cd5t.png,firefly
firefly/r181d64eat.png,firefly
firefly/r1828d94at.png,firefly
firefly/r19b49f2ct.png,firefly
firefly/r1986e42bt.png,firefly
firefly/r19d47beft.png,firefly
firefly/r19d72b0ct.png,firefly
firefly/r1a0968bft.png,firefly
firefly/r1a1d7e72t.png,firefly
firefly/r1a7bb1d6t.png,firefly
firefly/r1aa43470t.png,firefly
firefly/r1aa53167t.png,firefly
firefly/r1aa4cc99t.png,firefly
firefly/r1aa7459at.png,firefly
firefly/r1ad2de34t.png,firefly
firefly/r1b4e82c4t.png,firefly
firefly/r1bc92a89t.png,firefly
firefly/r1bc3dd23t.png,firefly
firefly/r1c1fef8ft.png,firefly
firefly/r1bf7ff83t.png,firefly
firefly/r1c9fc42at.png,firefly
firefly/r1cc0e4e1t.png,firefly
firefly/r1d527f65t.png,firefly
firefly/r1db1c478t.png,firefly
firefly/r1dbe1b11t.png,firefly
firefly/r1dbef145t.png,firefly
firefly/r1e79c6f9t.png,firefly
firefly/r1e3b4cdft.png,firefly
firefly/r1e69b067t.png,firefly
firefly/r1ee6f90et.png,firefly
firefly/r1f2f31e2t.png,firefly
firefly/r0341853dt.png,firefly
firefly/r0b13d2a2t.png,firefly
firefly/r0e593c46t.png,firefly
firefly/r0518cf5dt.png,firefly
firefly/r0db6cc31t.png,firefly
firefly/r0bbbb097t.png,firefly
firefly/r006fcc20t.png,firefly
firefly/r08d2b4dat.png,firefly
firefly/r141669e5t.png,firefly
firefly/r0f5475b5t.png,firefly
firefly/r0a8b59bbt.png,firefly
firefly/r1301676dt.png,firefly
firefly/r0f24ca4dt.png,firefly
firefly/r0eb7ee5ct.png,firefly
firefly/r0438eb97t.png,firefly
firefly/r07e35007t.png,firefly
firefly/r15efd876t.png,firefly
firefly/r155fe1fat.png,firefly
firefly/r162b2209t.png,firefly
firefly/r09efa609t.png,firefly
firefly/r0450c4c0t.png,firefly
firefly/r0ae68527t.png,firefly
firefly/r057282fet.png,firefly
firefly/r1639a65ct.png,firefly
firefly/r133c5a52t.png,firefly
firefly/r07cfb432t.png,firefly
firefly/r0207a52ct.png,firefly
firefly/r0d61db4ct.png,firefly
firefly/r14a51689t.png,firefly
firefly/r1104e9e6t.png,firefly
firefly/r0f979863t.png,firefly
firefly/r04989a70t.png,firefly
firefly/r08b12799t.png,firefly
firefly/r129f09b4t.png,firefly
firefly/r12133015t.png,firefly
firefly/r00869422t.png,firefly
firefly/r06d3ac60t.png,firefly
firefly/r13bb381ct.png,firefly
firefly/r08079988t.png,firefly
firefly/r0fbb5bc1t.png,firefly
firefly/r0dd7b354t.png,firefly
firefly/r094cf3c6t.png,firefly
firefly/r11c4de0et.png,firefly
firefly/r03cef811t.png,firefly
firefly/r0a42c0f6t.png,firefly
firefly/r00b3931bt.png,firefly
firefly/r152d9ff5t.png,firefly
firefly/r0a776764t.png,firefly
firefly/r062cab38t.png,firefly
firefly/r15f16465t.png,firefly
firefly/r15d1c836t.png,firefly
firefly/r137bcd7at.png,firefly
firefly/r0e35d1fct.png,firefly
firefly/r13e56300t.png,firefly
firefly/r13ae7d1et.png,firefly
firefly/r0b03e77at.png,firefly
firefly/r0f2e6baft.png,firefly
firefly/r09851aa4t.png,firefly
firefly/r0a18e454t.png,firefly
firefly/r0c5e9567t.png,firefly
firefly/r0fae3dbdt.png,firefly
firefly/r035ef2c2t.png,firefly
firefly/r13928401t.png,firefly
firefly/r12cebbd2t.png,firefly
firefly/r0a31a2cct.png,firefly
firefly/r1297fd0bt.png,firefly
firefly/r0a72568ct.png,firefly
firefly/r09579ff2t.png,firefly
firefly/r0f36ba1bt.png,firefly
firefly/r0c32591dt.png,firefly
firefly/r0e5dfc8et.png,firefly
firefly/r0282ca06t.png,firefly
firefly/r0249f733t.png,firefly
firefly/r0db31c3ft.png,firefly
firefly/r0b50b69ct.png,firefly
firefly/r010cb248t.png,firefly
firefly/r00c0995ft.png,firefly
firefly/r116825e2t.png,firefly
firefly/r0fa077bet.png,firefly
firefly/r03f70ccdt.png,firefly
firefly/r084889d5t.png,firefly
firefly/r11aa1ee3t.png,firefly
firefly/r12c64de9t.png,firefly
firefly/r169a9b07t.png,firefly
firefly/r16da5576t.png,firefly
firefly/r16dca6f2t.png,firefly
firefly/r17afaaa1t.png,firefly
firefly/r17b873bct.png,firefly
firefly/r1866b73at.png,firefly
firefly/r180a7062t.png,firefly
firefly/r1a2095b2t.png,firefly
firefly/r1915909et.png,firefly
firefly/r197770adt.png,firefly
firefly/r1a7346d0t.png,firefly
firefly/r1a7b8c42t.png,firefly
firefly/r1aa4db16t.png,firefly
firefly/r1aa63558t.png,firefly
firefly/r1b09da9ct.png,firefly
firefly/r1b57dbb2t.png,firefly
firefly/r1b61c7b1t.png,firefly
firefly/r1b790721t.png,firefly
firefly/r1bd70210t.png,firefly
firefly/r1c1e3ec9t.png,firefly
firefly/r1c402787t.png,firefly
firefly/r1ca254b2t.png,firefly
firefly/r1c5ec853t.png,firefly
firefly/r1ca0784dt.png,firefly
firefly/r1cd8d9a4t.png,firefly
firefly/r1ced1907t.png,firefly
firefly/r1d1445b6t.png,firefly
firefly/r1cfc8ddat.png,firefly
firefly/r1d16ad1et.png,firefly
firefly/r1d99d1f3t.png,firefly
firefly/r1d9eaf70t.png,firefly
firefly/r1e3303ebt.png,firefly
firefly/r1db351a2t.png,firefly
firefly/r1e367d35t.png,firefly
firefly/r1e9ae164t.png,firefly
firefly/r1e5c27c1t.png,firefly
firefly/r1f1a9df4t.png,firefly
firefly/r1f446078t.png,firefly
firefly/r14289905t.png,firefly
firefly/r0cc5a33ct.png,firefly
firefly/r13b45303t.png,firefly
firefly/r050e1024t.png,firefly
firefly/r144e095dt.png,firefly
firefly/r0149a21ct.png,firefly
firefly/r066358d3t.png,firefly
firefly/r165fbf4ft.png,firefly
firefly/r0284aa1at.png,firefly
firefly/r116fa8b7t.png,firefly
firefly/r08c76321t.png,firefly
firefly/r021429abt.png,firefly
firefly/r0eedd456t.png,firefly
firefly/r015b453ft.png,firefly
firefly/r169c7350t.png,firefly
firefly/r15eef8b9t.png,firefly
firefly/r0a19cb85t.png,firefly
firefly/r103a4f26t.png,firefly
firefly/r02513d19t.png,firefly
firefly/r1694427et.png,firefly
firefly/r0b3979d0t.png,firefly
firefly/r0428df0ct.png,firefly
firefly/r01cf60c7t.png,firefly
firefly/r01474187t.png,firefly
firefly/r0eab8214t.png,firefly
firefly/r05db7e7ft.png,firefly
firefly/r13a16a0at.png,firefly
firefly/r036e2a9at.png,firefly
firefly/r00444b95t.png,firefly
firefly/r0b1f92a9t.png,firefly
firefly/r14f241e4t.png,firefly
firefly/r12f02af5t.png,firefly
firefly/r188eb234t.png,firefly
firefly/r0281b52at.png,firefly
firefly/r0bc87c20t.png,firefly
firefly/r11850456t.png,firefly
firefly/r0c6cf00bt.png,firefly
firefly/r097555c4t.png,firefly
firefly/r0b5a3035t.png,firefly
firefly/r0250eb80t.png,firefly
firefly/r15f07f9dt.png,firefly
firefly/r0a8e5f8at.png,firefly
firefly/r1661f358t.png,firefly
firefly/r0f91360ct.png,firefly
firefly/r092b4511t.png,firefly
firefly/r0dd60980t.png,firefly
firefly/r0fdfc4f0t.png,firefly
firefly/r0200a7a6t.png,firefly
firefly/r16192cf0t.png,firefly
firefly/r0bdc7894t.png,firefly
firefly/r01d9da09t.png,firefly
firefly/r08b05c94t.png,firefly
firefly/r0c486c0at.png,firefly
firefly/r1267fa5bt.png,firefly
firefly/r0b7b1156t.png,firefly
firefly/r0c8f3ce5t.png,firefly
firefly/r04b8473dt.png,firefly
firefly/r13a5bb6bt.png,firefly
firefly/r043951a3t.png,firefly
firefly/r018ba134t.png,firefly
firefly/r02b3a1ddt.png,firefly
firefly/r04aceb4et.png,firefly
firefly/r1126b615t.png,firefly
firefly/r07e1e8cbt.png,firefly
firefly/r1602555bt.png,firefly
firefly/r138ceafbt.png,firefly
firefly/r07f22efdt.png,firefly
firefly/r08ac875ct.png,firefly
firefly/r0a5d7cb6t.png,firefly
firefly/r05f3f6a5t.png,firefly
firefly/r175da907t.png,firefly
firefly/r027a692ft.png,firefly
firefly/r08788547t.png,firefly
firefly/r133bb357t.png,firefly
firefly/r0777fea4t.png,firefly
firefly/r0bf1bbect.png,firefly
firefly/r17217693t.png,firefly
firefly/r146771d7t.png,firefly
firefly/r18302db2t.png,firefly
firefly/r13493fa3t.png,firefly
firefly/r06aa7dabt.png,firefly
firefly/r02f5c155t.png,firefly
firefly/r041c02cat.png,firefly
firefly/r18d1abact.png,firefly
firefly/r191f3cdet.png,firefly
firefly/r18fafe10t.png,firefly
firefly/r192ae577t.png,firefly
firefly/r195f12adt.png,firefly
firefly/r198ae140t.png,firefly
firefly/r1a0f5585t.png,firefly
firefly/r1a28d44bt.png,firefly
firefly/r1a4651edt.png,firefly
firefly/r1a91c337t.png,firefly
firefly/r1a877849t.png,firefly
firefly/r1ad3fa6dt.png,firefly
firefly/r1ad9cd64t.png,firefly
firefly/r1ae12b3ft.png,firefly
firefly/r1b8b1b14t.png,firefly
firefly/r1bc4e4act.png,firefly
firefly/r1bcfab73t.png,firefly
firefly/r1bf00696t.png,firefly
firefly/r1bfbaab3t.png,firefly
firefly/r1c2ac865t.png,firefly
firefly/r1c83ec1dt.png,firefly
firefly/r1db5be20t.png,firefly
firefly/r1dd998dft.png,firefly
firefly/r1dea56e5t.png,firefly
firefly/r1e52a39dt.png,firefly
firefly/r1e56884ft.png,firefly
firefly/r1e8e493ct.png,firefly
firefly/r1ef15cb3t.png,firefly
firefly/r1ea8ccbbt.png,firefly
firefly/r1efcf847t.png,firefly
firefly/r1f20d8b5t.png,firefly
firefly/r1f40decct.png,firefly
firefly/r1f5ad4e0t.png,firefly
midjourney-v5/r059cae86t.png,midjourney-v5
midjourney-v5/r006b0e4bt.png,midjourney-v5
midjourney-v5/r0191aaf4t.png,midjourney-v5
midjourney-v5/r01a5f38at.png,midjourney-v5
midjourney-v5/r01ef1b4at.png,midjourney-v5
midjourney-v5/r02354285t.png,midjourney-v5
midjourney-v5/r02f9f53et.png,midjourney-v5
midjourney-v5/r038922cbt.png,midjourney-v5
midjourney-v5/r03c8ddcft.png,midjourney-v5
midjourney-v5/r03d2a758t.png,midjourney-v5
midjourney-v5/r04160d64t.png,midjourney-v5
midjourney-v5/r046852c1t.png,midjourney-v5
midjourney-v5/r048c50d0t.png,midjourney-v5
midjourney-v5/r049f471dt.png,midjourney-v5
midjourney-v5/r04e7644dt.png,midjourney-v5
midjourney-v5/r052e9174t.png,midjourney-v5
midjourney-v5/r056c0ee6t.png,midjourney-v5
midjourney-v5/r05839451t.png,midjourney-v5
midjourney-v5/r05bf2f53t.png,midjourney-v5
midjourney-v5/r05f3bc6ct.png,midjourney-v5
midjourney-v5/r061433aft.png,midjourney-v5
midjourney-v5/r05f66e6dt.png,midjourney-v5
midjourney-v5/r065472d8t.png,midjourney-v5
midjourney-v5/r06888d38t.png,midjourney-v5
midjourney-v5/r06c4bcb9t.png,midjourney-v5
midjourney-v5/r07598392t.png,midjourney-v5
midjourney-v5/r06e1a520t.png,midjourney-v5
midjourney-v5/r07c47354t.png,midjourney-v5
midjourney-v5/r07b99141t.png,midjourney-v5
midjourney-v5/r07f99a1at.png,midjourney-v5
midjourney-v5/r085a5f53t.png,midjourney-v5
midjourney-v5/r08b04f65t.png,midjourney-v5
midjourney-v5/r08d9a0cet.png,midjourney-v5
midjourney-v5/r09dc6407t.png,midjourney-v5
midjourney-v5/r0a0852c6t.png,midjourney-v5
midjourney-v5/r0a54ed98t.png,midjourney-v5
midjourney-v5/r0a4ce555t.png,midjourney-v5
midjourney-v5/r0a779af2t.png,midjourney-v5
midjourney-v5/r0ab7202ft.png,midjourney-v5
midjourney-v5/r0af5a8cct.png,midjourney-v5
midjourney-v5/r0b59fc2bt.png,midjourney-v5
midjourney-v5/r0b6e4254t.png,midjourney-v5
midjourney-v5/r0b755540t.png,midjourney-v5
midjourney-v5/r0b735401t.png,midjourney-v5
midjourney-v5/r0b99ac3ct.png,midjourney-v5
midjourney-v5/r0bc7d0eet.png,midjourney-v5
midjourney-v5/r0c3a8ea0t.png,midjourney-v5
midjourney-v5/r0d1dd61ft.png,midjourney-v5
midjourney-v5/r0deb6dadt.png,midjourney-v5
midjourney-v5/r0dff226et.png,midjourney-v5
midjourney-v5/r0e661e0dt.png,midjourney-v5
midjourney-v5/r0eb9e900t.png,midjourney-v5
midjourney-v5/r0eba1984t.png,midjourney-v5
midjourney-v5/r0ebb5ca2t.png,midjourney-v5
midjourney-v5/r0ebb0bb4t.png,midjourney-v5
midjourney-v5/r0fbd0c71t.png,midjourney-v5
midjourney-v5/r0fe7b1c6t.png,midjourney-v5
midjourney-v5/r0fe270aet.png,midjourney-v5
midjourney-v5/r10893508t.png,midjourney-v5
midjourney-v5/r10940798t.png,midjourney-v5
midjourney-v5/r110cc74ct.png,midjourney-v5
midjourney-v5/r115e2464t.png,midjourney-v5
midjourney-v5/r11e26097t.png,midjourney-v5
midjourney-v5/r126a22b8t.png,midjourney-v5
midjourney-v5/r12946364t.png,midjourney-v5
midjourney-v5/r12ed2816t.png,midjourney-v5
midjourney-v5/r1372056ct.png,midjourney-v5
midjourney-v5/r13837601t.png,midjourney-v5
midjourney-v5/r142335f0t.png,midjourney-v5
midjourney-v5/r13c19caft.png,midjourney-v5
midjourney-v5/r1426cde6t.png,midjourney-v5
midjourney-v5/r14289905t.png,midjourney-v5
midjourney-v5/r1468a9e1t.png,midjourney-v5
midjourney-v5/r145221d9t.png,midjourney-v5
midjourney-v5/r14902ba4t.png,midjourney-v5
midjourney-v5/r14bfe6f4t.png,midjourney-v5
midjourney-v5/r150058a4t.png,midjourney-v5
midjourney-v5/r16698b6et.png,midjourney-v5
midjourney-v5/r16d46fa3t.png,midjourney-v5
midjourney-v5/r170df29ct.png,midjourney-v5
midjourney-v5/r171d73aat.png,midjourney-v5
midjourney-v5/r1717ae55t.png,midjourney-v5
midjourney-v5/r18393aeet.png,midjourney-v5
midjourney-v5/r17ad56act.png,midjourney-v5
midjourney-v5/r1889220ft.png,midjourney-v5
midjourney-v5/r18d72ab2t.png,midjourney-v5
midjourney-v5/r19835fbft.png,midjourney-v5
midjourney-v5/r18ea00c8t.png,midjourney-v5
midjourney-v5/r191488c6t.png,midjourney-v5
midjourney-v5/r19924edft.png,midjourney-v5
midjourney-v5/r19fe3107t.png,midjourney-v5
midjourney-v5/r1a11b3c0t.png,midjourney-v5
midjourney-v5/r1a343192t.png,midjourney-v5
midjourney-v5/r1a485a99t.png,midjourney-v5
midjourney-v5/r1a9783cdt.png,midjourney-v5
midjourney-v5/r1a9de6e9t.png,midjourney-v5
midjourney-v5/r1aef663et.png,midjourney-v5
midjourney-v5/r1b106abdt.png,midjourney-v5
midjourney-v5/r1be2a3d5t.png,midjourney-v5
midjourney-v5/r1c070921t.png,midjourney-v5
midjourney-v5/r1c4ae120t.png,midjourney-v5
midjourney-v5/r1c6377bat.png,midjourney-v5
midjourney-v5/r1cde4afbt.png,midjourney-v5
midjourney-v5/r1d53fccat.png,midjourney-v5
midjourney-v5/r1e14f45ct.png,midjourney-v5
midjourney-v5/r1ea13eb4t.png,midjourney-v5
midjourney-v5/r1ead3024t.png,midjourney-v5
midjourney-v5/r1ebee709t.png,midjourney-v5
midjourney-v5/r1f23f4ddt.png,midjourney-v5
midjourney-v5/r1ef16e0dt.png,midjourney-v5
midjourney-v5/r1f3e6681t.png,midjourney-v5
midjourney-v5/r1f4a44a7t.png,midjourney-v5
midjourney-v5/r052df821t.png,midjourney-v5
midjourney-v5/r012d1dbet.png,midjourney-v5
midjourney-v5/r022af74ct.png,midjourney-v5
midjourney-v5/r02e1abe2t.png,midjourney-v5
midjourney-v5/r040b3002t.png,midjourney-v5
midjourney-v5/r0225b88bt.png,midjourney-v5
midjourney-v5/r0342f22ct.png,midjourney-v5
midjourney-v5/r03bf5648t.png,midjourney-v5
midjourney-v5/r056d6bebt.png,midjourney-v5
midjourney-v5/r02b7536at.png,midjourney-v5
midjourney-v5/r053d2196t.png,midjourney-v5
midjourney-v5/r02a21f6ct.png,midjourney-v5
midjourney-v5/r031917act.png,midjourney-v5
midjourney-v5/r02210c2at.png,midjourney-v5
midjourney-v5/r0372042dt.png,midjourney-v5
midjourney-v5/r038422cft.png,midjourney-v5
midjourney-v5/r0288b58ct.png,midjourney-v5
midjourney-v5/r02508493t.png,midjourney-v5
midjourney-v5/r0408fe9ft.png,midjourney-v5
midjourney-v5/r00679daet.png,midjourney-v5
midjourney-v5/r008a2095t.png,midjourney-v5
midjourney-v5/r0383e9c3t.png,midjourney-v5
midjourney-v5/r0356ea60t.png,midjourney-v5
midjourney-v5/r059ce7d0t.png,midjourney-v5
midjourney-v5/r063d8a61t.png,midjourney-v5
midjourney-v5/r06836fdat.png,midjourney-v5
midjourney-v5/r066ef803t.png,midjourney-v5
midjourney-v5/r06743f8ft.png,midjourney-v5
midjourney-v5/r0676c50at.png,midjourney-v5
midjourney-v5/r0703243bt.png,midjourney-v5
midjourney-v5/r070a874ct.png,midjourney-v5
midjourney-v5/r072421a1t.png,midjourney-v5
midjourney-v5/r072649fdt.png,midjourney-v5
midjourney-v5/r075baf3ct.png,midjourney-v5
midjourney-v5/r07c51648t.png,midjourney-v5
midjourney-v5/r07e242b7t.png,midjourney-v5
midjourney-v5/r07dba73ft.png,midjourney-v5
midjourney-v5/r07e594d6t.png,midjourney-v5
midjourney-v5/r08307e1at.png,midjourney-v5
midjourney-v5/r08996953t.png,midjourney-v5
midjourney-v5/r08abaa78t.png,midjourney-v5
midjourney-v5/r08cbbab9t.png,midjourney-v5
midjourney-v5/r09a79474t.png,midjourney-v5
midjourney-v5/r0a808003t.png,midjourney-v5
midjourney-v5/r0a2e85f0t.png,midjourney-v5
midjourney-v5/r0a94587ft.png,midjourney-v5
midjourney-v5/r0a9384b1t.png,midjourney-v5
midjourney-v5/r0ac70243t.png,midjourney-v5
midjourney-v5/r0b591bc3t.png,midjourney-v5
midjourney-v5/r0b5b85d0t.png,midjourney-v5
midjourney-v5/r0b841e5at.png,midjourney-v5
midjourney-v5/r0bbd0b0et.png,midjourney-v5
midjourney-v5/r0bc0e549t.png,midjourney-v5
midjourney-v5/r0c795771t.png,midjourney-v5
midjourney-v5/r0cbdc6f8t.png,midjourney-v5
midjourney-v5/r0c7fcc38t.png,midjourney-v5
midjourney-v5/r0d796d4ft.png,midjourney-v5
midjourney-v5/r0de97473t.png,midjourney-v5
midjourney-v5/r0eb07be3t.png,midjourney-v5
midjourney-v5/r0eea5a7et.png,midjourney-v5
midjourney-v5/r0f22c43ct.png,midjourney-v5
midjourney-v5/r0f38373ct.png,midjourney-v5
midjourney-v5/r0f2c63d2t.png,midjourney-v5
midjourney-v5/r0f3f14cbt.png,midjourney-v5
midjourney-v5/r0f86049ct.png,midjourney-v5
midjourney-v5/r0fbe1b0ft.png,midjourney-v5
midjourney-v5/r101af5b4t.png,midjourney-v5
midjourney-v5/r10134c59t.png,midjourney-v5
midjourney-v5/r1077d1f2t.png,midjourney-v5
midjourney-v5/r10f2ac48t.png,midjourney-v5
midjourney-v5/r113402d4t.png,midjourney-v5
midjourney-v5/r110b4219t.png,midjourney-v5
midjourney-v5/r113b7fb4t.png,midjourney-v5
midjourney-v5/r11a7deb7t.png,midjourney-v5
midjourney-v5/r113ee9edt.png,midjourney-v5
midjourney-v5/r1218b33at.png,midjourney-v5
midjourney-v5/r12c1798bt.png,midjourney-v5
midjourney-v5/r12a7e9b5t.png,midjourney-v5
midjourney-v5/r12c5f70bt.png,midjourney-v5
midjourney-v5/r132d538et.png,midjourney-v5
midjourney-v5/r12daa983t.png,midjourney-v5
midjourney-v5/r131a8f7et.png,midjourney-v5
midjourney-v5/r137f062ft.png,midjourney-v5
midjourney-v5/r13de1e12t.png,midjourney-v5
midjourney-v5/r141665bdt.png,midjourney-v5
midjourney-v5/r144f25eet.png,midjourney-v5
midjourney-v5/r14556dabt.png,midjourney-v5
midjourney-v5/r15028ceft.png,midjourney-v5
midjourney-v5/r15199ae3t.png,midjourney-v5
midjourney-v5/r1570dd6at.png,midjourney-v5
midjourney-v5/r16113cc8t.png,midjourney-v5
midjourney-v5/r163967d4t.png,midjourney-v5
midjourney-v5/r1644d874t.png,midjourney-v5
midjourney-v5/r165355c0t.png,midjourney-v5
midjourney-v5/r16d6c35dt.png,midjourney-v5
midjourney-v5/r16654024t.png,midjourney-v5
midjourney-v5/r17228bbdt.png,midjourney-v5
midjourney-v5/r179bb406t.png,midjourney-v5
midjourney-v5/r179ed8d7t.png,midjourney-v5
midjourney-v5/r181768b7t.png,midjourney-v5
midjourney-v5/r187df69ft.png,midjourney-v5
midjourney-v5/r184f08dat.png,midjourney-v5
midjourney-v5/r1934e29ft.png,midjourney-v5
midjourney-v5/r194c49f5t.png,midjourney-v5
midjourney-v5/r19be5c05t.png,midjourney-v5
midjourney-v5/r19d92967t.png,midjourney-v5
midjourney-v5/r1a7e4791t.png,midjourney-v5
midjourney-v5/r1a57cb29t.png,midjourney-v5
midjourney-v5/r1a8ee526t.png,midjourney-v5
midjourney-v5/r1ab0bb20t.png,midjourney-v5
midjourney-v5/r1ab1679et.png,midjourney-v5
midjourney-v5/r1b177fe1t.png,midjourney-v5
midjourney-v5/r1b9e9917t.png,midjourney-v5
midjourney-v5/r1baf2ce0t.png,midjourney-v5
midjourney-v5/r1c24a571t.png,midjourney-v5
midjourney-v5/r1c5a4928t.png,midjourney-v5
midjourney-v5/r1c31a90bt.png,midjourney-v5
midjourney-v5/r1cb7084et.png,midjourney-v5
midjourney-v5/r1ca2ef38t.png,midjourney-v5
midjourney-v5/r1d00d8ect.png,midjourney-v5
midjourney-v5/r1d1cf607t.png,midjourney-v5
midjourney-v5/r1d431afft.png,midjourney-v5
midjourney-v5/r1e504ebbt.png,midjourney-v5
midjourney-v5/r1dc4077at.png,midjourney-v5
midjourney-v5/r1dd9d6bft.png,midjourney-v5
midjourney-v5/r1e698e5dt.png,midjourney-v5
midjourney-v5/r1e8acc5ct.png,midjourney-v5
midjourney-v5/r1e9c8a5dt.png,midjourney-v5
midjourney-v5/r1f2c2acft.png,midjourney-v5
midjourney-v5/r1f1178cet.png,midjourney-v5
midjourney-v5/r1f16e2abt.png,midjourney-v5
midjourney-v5/r07df029bt.png,midjourney-v5
midjourney-v5/r04172edct.png,midjourney-v5
midjourney-v5/r01d0b83bt.png,midjourney-v5
midjourney-v5/r000da54ft.png,midjourney-v5
midjourney-v5/r08f2d4c6t.png,midjourney-v5
midjourney-v5/r098cf7aet.png,midjourney-v5
midjourney-v5/r0465565ct.png,midjourney-v5
midjourney-v5/r01058910t.png,midjourney-v5
midjourney-v5/r01c95f68t.png,midjourney-v5
midjourney-v5/r098a8a22t.png,midjourney-v5
midjourney-v5/r01b6aed6t.png,midjourney-v5
midjourney-v5/r07ece355t.png,midjourney-v5
midjourney-v5/r056f233bt.png,midjourney-v5
midjourney-v5/r09696ba3t.png,midjourney-v5
midjourney-v5/r0833f646t.png,midjourney-v5
midjourney-v5/r0744a10et.png,midjourney-v5
midjourney-v5/r0108c383t.png,midjourney-v5
midjourney-v5/r05d59d7ct.png,midjourney-v5
midjourney-v5/r069e346et.png,midjourney-v5
midjourney-v5/r0176fbcat.png,midjourney-v5
midjourney-v5/r08b41f18t.png,midjourney-v5
midjourney-v5/r00a940e1t.png,midjourney-v5
midjourney-v5/r0667a51ft.png,midjourney-v5
midjourney-v5/r09245347t.png,midjourney-v5
midjourney-v5/r06a52b7bt.png,midjourney-v5
midjourney-v5/r089cae91t.png,midjourney-v5
midjourney-v5/r07cf907dt.png,midjourney-v5
midjourney-v5/r00816405t.png,midjourney-v5
midjourney-v5/r042d7b17t.png,midjourney-v5
midjourney-v5/r04c566a0t.png,midjourney-v5
midjourney-v5/r097088c1t.png,midjourney-v5
midjourney-v5/r01511e3et.png,midjourney-v5
midjourney-v5/r01cbb7fdt.png,midjourney-v5
midjourney-v5/r07d5eb94t.png,midjourney-v5
midjourney-v5/r03ed2669t.png,midjourney-v5
midjourney-v5/r0417f5e3t.png,midjourney-v5
midjourney-v5/r0941aa38t.png,midjourney-v5
midjourney-v5/r0701ca45t.png,midjourney-v5
midjourney-v5/r08276bf9t.png,midjourney-v5
midjourney-v5/r00c4a543t.png,midjourney-v5
midjourney-v5/r033daaa0t.png,midjourney-v5
midjourney-v5/r03995a8ct.png,midjourney-v5
midjourney-v5/r05d9d749t.png,midjourney-v5
midjourney-v5/r0708431at.png,midjourney-v5
midjourney-v5/r039a5ef5t.png,midjourney-v5
midjourney-v5/r09c15af7t.png,midjourney-v5
midjourney-v5/r09b86185t.png,midjourney-v5
midjourney-v5/r09c8e042t.png,midjourney-v5
midjourney-v5/r09d7cd4et.png,midjourney-v5
midjourney-v5/r0a71c689t.png,midjourney-v5
midjourney-v5/r0a64ce0bt.png,midjourney-v5
midjourney-v5/r0aaa70c3t.png,midjourney-v5
midjourney-v5/r0ab0a205t.png,midjourney-v5
midjourney-v5/r0b0cd69et.png,midjourney-v5
midjourney-v5/r0b07b945t.png,midjourney-v5
midjourney-v5/r0b0e2ba5t.png,midjourney-v5
midjourney-v5/r0b3220e1t.png,midjourney-v5
midjourney-v5/r0b76b82ft.png,midjourney-v5
midjourney-v5/r0c925d34t.png,midjourney-v5
midjourney-v5/r0d280006t.png,midjourney-v5
midjourney-v5/r0d56c1d7t.png,midjourney-v5
midjourney-v5/r0d89edd8t.png,midjourney-v5
midjourney-v5/r0ea0825ft.png,midjourney-v5
midjourney-v5/r0ed844b5t.png,midjourney-v5
midjourney-v5/r0edb165ft.png,midjourney-v5
midjourney-v5/r0f1a3f00t.png,midjourney-v5
midjourney-v5/r0f4ece9bt.png,midjourney-v5
midjourney-v5/r0ff7a848t.png,midjourney-v5
midjourney-v5/r101eab0dt.png,midjourney-v5
midjourney-v5/r104153eat.png,midjourney-v5
midjourney-v5/r108301e3t.png,midjourney-v5
midjourney-v5/r108ba35et.png,midjourney-v5
midjourney-v5/r10a207det.png,midjourney-v5
midjourney-v5/r11b292cbt.png,midjourney-v5
midjourney-v5/r11a5b93dt.png,midjourney-v5
midjourney-v5/r125442fat.png,midjourney-v5
midjourney-v5/r128cc6fbt.png,midjourney-v5
midjourney-v5/r128dfb38t.png,midjourney-v5
midjourney-v5/r1322c4d6t.png,midjourney-v5
midjourney-v5/r134ba6abt.png,midjourney-v5
midjourney-v5/r135df877t.png,midjourney-v5
midjourney-v5/r13a9002bt.png,midjourney-v5
midjourney-v5/r13b5b161t.png,midjourney-v5
midjourney-v5/r13dab3c7t.png,midjourney-v5
midjourney-v5/r142b504bt.png,midjourney-v5
midjourney-v5/r14c2d3fct.png,midjourney-v5
midjourney-v5/r14ca1259t.png,midjourney-v5
midjourney-v5/r150b1b51t.png,midjourney-v5
midjourney-v5/r154d7294t.png,midjourney-v5
midjourney-v5/r1580c37ft.png,midjourney-v5
midjourney-v5/r1554cfadt.png,midjourney-v5
midjourney-v5/r16509308t.png,midjourney-v5
midjourney-v5/r1645a09ct.png,midjourney-v5
midjourney-v5/r171eeaf8t.png,midjourney-v5
midjourney-v5/r177dd68et.png,midjourney-v5
midjourney-v5/r17fe8532t.png,midjourney-v5
midjourney-v5/r17d11b3at.png,midjourney-v5
midjourney-v5/r1810ba7at.png,midjourney-v5
midjourney-v5/r180bcbd7t.png,midjourney-v5
midjourney-v5/r18798194t.png,midjourney-v5
midjourney-v5/r1882b6e6t.png,midjourney-v5
midjourney-v5/r189be0d8t.png,midjourney-v5
midjourney-v5/r18d9feeat.png,midjourney-v5
midjourney-v5/r195a5f44t.png,midjourney-v5
midjourney-v5/r198ea6a5t.png,midjourney-v5
midjourney-v5/r1a2d8b02t.png,midjourney-v5
midjourney-v5/r1a499b96t.png,midjourney-v5
midjourney-v5/r1a60a2bdt.png,midjourney-v5
midjourney-v5/r1a7feb2bt.png,midjourney-v5
midjourney-v5/r1a9acd94t.png,midjourney-v5
midjourney-v5/r1af60295t.png,midjourney-v5
midjourney-v5/r1b262b72t.png,midjourney-v5
midjourney-v5/r1bc23d6et.png,midjourney-v5
midjourney-v5/r1bc355f2t.png,midjourney-v5
midjourney-v5/r1bca2388t.png,midjourney-v5
midjourney-v5/r1c09b002t.png,midjourney-v5
midjourney-v5/r1c146589t.png,midjourney-v5
midjourney-v5/r1c4e6a62t.png,midjourney-v5
midjourney-v5/r1c56a2bct.png,midjourney-v5
midjourney-v5/r1c6b4a23t.png,midjourney-v5
midjourney-v5/r1c717a46t.png,midjourney-v5
midjourney-v5/r1ceba29dt.png,midjourney-v5
midjourney-v5/r1c99500bt.png,midjourney-v5
midjourney-v5/r1d2bb70at.png,midjourney-v5
midjourney-v5/r1d679eaet.png,midjourney-v5
midjourney-v5/r1d3bc675t.png,midjourney-v5
midjourney-v5/r1d79b6e7t.png,midjourney-v5
midjourney-v5/r1d93553ct.png,midjourney-v5
midjourney-v5/r1db2847et.png,midjourney-v5
midjourney-v5/r1db61cf8t.png,midjourney-v5
midjourney-v5/r1e9082f9t.png,midjourney-v5
midjourney-v5/r1f06581bt.png,midjourney-v5
midjourney-v5/r1f48d12dt.png,midjourney-v5
midjourney-v5/r1f11809bt.png,midjourney-v5
midjourney-v5/r1f4f8a51t.png,midjourney-v5
midjourney-v5/r007f5116t.png,midjourney-v5
midjourney-v5/r062b9259t.png,midjourney-v5
midjourney-v5/r00617aa1t.png,midjourney-v5
midjourney-v5/r096982ddt.png,midjourney-v5
midjourney-v5/r056daad2t.png,midjourney-v5
midjourney-v5/r00de2590t.png,midjourney-v5
midjourney-v5/r0589558at.png,midjourney-v5
midjourney-v5/r0a966704t.png,midjourney-v5
midjourney-v5/r04b4d5aft.png,midjourney-v5
midjourney-v5/r0150031ft.png,midjourney-v5
midjourney-v5/r01b3f004t.png,midjourney-v5
midjourney-v5/r0141f0c9t.png,midjourney-v5
midjourney-v5/r08414c5at.png,midjourney-v5
midjourney-v5/r008ed083t.png,midjourney-v5
midjourney-v5/r047aa954t.png,midjourney-v5
midjourney-v5/r05243256t.png,midjourney-v5
midjourney-v5/r02059ab4t.png,midjourney-v5
midjourney-v5/r05718fd6t.png,midjourney-v5
midjourney-v5/r084a4ccet.png,midjourney-v5
midjourney-v5/r019eb1cbt.png,midjourney-v5
midjourney-v5/r0985dc6ct.png,midjourney-v5
midjourney-v5/r04e818bat.png,midjourney-v5
midjourney-v5/r04e19833t.png,midjourney-v5
midjourney-v5/r09488b39t.png,midjourney-v5
midjourney-v5/r040bf4a5t.png,midjourney-v5
midjourney-v5/r0515a051t.png,midjourney-v5
midjourney-v5/r09d5cb41t.png,midjourney-v5
midjourney-v5/r00d161b7t.png,midjourney-v5
midjourney-v5/r09a60f63t.png,midjourney-v5
midjourney-v5/r017904f0t.png,midjourney-v5
midjourney-v5/r0b17fd57t.png,midjourney-v5
midjourney-v5/r07ffdc87t.png,midjourney-v5
midjourney-v5/r087a13a6t.png,midjourney-v5
midjourney-v5/r0adac68bt.png,midjourney-v5
midjourney-v5/r02189767t.png,midjourney-v5
midjourney-v5/r03389e9bt.png,midjourney-v5
midjourney-v5/r037a250ft.png,midjourney-v5
midjourney-v5/r07d13149t.png,midjourney-v5
midjourney-v5/r0670f47ft.png,midjourney-v5
midjourney-v5/r042d5308t.png,midjourney-v5
midjourney-v5/r0279b17bt.png,midjourney-v5
midjourney-v5/r082626aft.png,midjourney-v5
midjourney-v5/r045be2act.png,midjourney-v5
midjourney-v5/r04c11390t.png,midjourney-v5
midjourney-v5/r0341853dt.png,midjourney-v5
midjourney-v5/r0b13d2a2t.png,midjourney-v5
midjourney-v5/r0518cf5dt.png,midjourney-v5
midjourney-v5/r0b42926ct.png,midjourney-v5
midjourney-v5/r0bf7f938t.png,midjourney-v5
midjourney-v5/r0bc1a779t.png,midjourney-v5
midjourney-v5/r0c1de5e1t.png,midjourney-v5
midjourney-v5/r0c9910e4t.png,midjourney-v5
midjourney-v5/r0e04cc91t.png,midjourney-v5
midjourney-v5/r0e593c46t.png,midjourney-v5
midjourney-v5/r0ebdd2d2t.png,midjourney-v5
midjourney-v5/r0ed16e26t.png,midjourney-v5
midjourney-v5/r0f137652t.png,midjourney-v5
midjourney-v5/r0f1aef1ft.png,midjourney-v5
midjourney-v5/r0f25b326t.png,midjourney-v5
midjourney-v5/r0fc39b66t.png,midjourney-v5
midjourney-v5/r101e18b6t.png,midjourney-v5
midjourney-v5/r102b4aa4t.png,midjourney-v5
midjourney-v5/r107730b5t.png,midjourney-v5
midjourney-v5/r10944b31t.png,midjourney-v5
midjourney-v5/r10cf67d1t.png,midjourney-v5
midjourney-v5/r110f894ft.png,midjourney-v5
midjourney-v5/r11a4e1cbt.png,midjourney-v5
midjourney-v5/r123c6433t.png,midjourney-v5
midjourney-v5/r127d47e0t.png,midjourney-v5
midjourney-v5/r1293f8ect.png,midjourney-v5
midjourney-v5/r12cbfb1et.png,midjourney-v5
midjourney-v5/r1328ee94t.png,midjourney-v5
midjourney-v5/r1344c943t.png,midjourney-v5
midjourney-v5/r13c85634t.png,midjourney-v5
midjourney-v5/r13f26c35t.png,midjourney-v5
midjourney-v5/r141e4467t.png,midjourney-v5
midjourney-v5/r1461e2d7t.png,midjourney-v5
midjourney-v5/r14a595b6t.png,midjourney-v5
midjourney-v5/r14a9a843t.png,midjourney-v5
midjourney-v5/r15499cd8t.png,midjourney-v5
midjourney-v5/r15dcfacct.png,midjourney-v5
midjourney-v5/r1567e512t.png,midjourney-v5
midjourney-v5/r15dfc1b8t.png,midjourney-v5
midjourney-v5/r163317d6t.png,midjourney-v5
midjourney-v5/r17754c77t.png,midjourney-v5
midjourney-v5/r179ec4e8t.png,midjourney-v5
midjourney-v5/r1800ab47t.png,midjourney-v5
midjourney-v5/r17c76042t.png,midjourney-v5
midjourney-v5/r186c09e4t.png,midjourney-v5
midjourney-v5/r18d866e1t.png,midjourney-v5
midjourney-v5/r1904147dt.png,midjourney-v5
midjourney-v5/r19183258t.png,midjourney-v5
midjourney-v5/r19ba7288t.png,midjourney-v5
midjourney-v5/r1a07dd25t.png,midjourney-v5
midjourney-v5/r1a170ddbt.png,midjourney-v5
midjourney-v5/r1a1d24b2t.png,midjourney-v5
midjourney-v5/r1a711e27t.png,midjourney-v5
midjourney-v5/r1b165d45t.png,midjourney-v5
midjourney-v5/r1a8fe570t.png,midjourney-v5
midjourney-v5/r1b17f0f0t.png,midjourney-v5
midjourney-v5/r1b1c1019t.png,midjourney-v5
midjourney-v5/r1b2765ebt.png,midjourney-v5
midjourney-v5/r1b32a6bct.png,midjourney-v5
midjourney-v5/r1bf4e594t.png,midjourney-v5
midjourney-v5/r1bddecd6t.png,midjourney-v5
midjourney-v5/r1c028de8t.png,midjourney-v5
midjourney-v5/r1c23e440t.png,midjourney-v5
midjourney-v5/r1c4d4720t.png,midjourney-v5
midjourney-v5/r1c4deb71t.png,midjourney-v5
midjourney-v5/r1ca6cc12t.png,midjourney-v5
midjourney-v5/r1cad9823t.png,midjourney-v5
midjourney-v5/r1cc04f4ft.png,midjourney-v5
midjourney-v5/r1d6e15d3t.png,midjourney-v5
midjourney-v5/r1cfe520bt.png,midjourney-v5
midjourney-v5/r1d9a31fct.png,midjourney-v5
midjourney-v5/r1de108dft.png,midjourney-v5
midjourney-v5/r1de76a54t.png,midjourney-v5
midjourney-v5/r1df374c1t.png,midjourney-v5
midjourney-v5/r1f1a3258t.png,midjourney-v5
midjourney-v5/r1eaa5d42t.png,midjourney-v5
midjourney-v5/r0b985828t.png,midjourney-v5
midjourney-v5/r0773471dt.png,midjourney-v5
midjourney-v5/r005f3e70t.png,midjourney-v5
midjourney-v5/r03640e97t.png,midjourney-v5
midjourney-v5/r06691aa5t.png,midjourney-v5
midjourney-v5/r0897d8aat.png,midjourney-v5
midjourney-v5/r07db8a54t.png,midjourney-v5
midjourney-v5/r04851bf9t.png,midjourney-v5
midjourney-v5/r121f7893t.png,midjourney-v5
midjourney-v5/r04a210b3t.png,midjourney-v5
midjourney-v5/r0ce35df8t.png,midjourney-v5
midjourney-v5/r12d4cabat.png,midjourney-v5
midjourney-v5/r018e74fet.png,midjourney-v5
midjourney-v5/r066b256at.png,midjourney-v5
midjourney-v5/r002fc3e2t.png,midjourney-v5
midjourney-v5/r0f98115dt.png,midjourney-v5
midjourney-v5/r04cfa379t.png,midjourney-v5
midjourney-v5/r012b0f30t.png,midjourney-v5
midjourney-v5/r04eb0d0ft.png,midjourney-v5
midjourney-v5/r0f71782et.png,midjourney-v5
midjourney-v5/r0355b2d5t.png,midjourney-v5
midjourney-v5/r115c449dt.png,midjourney-v5
midjourney-v5/r0c0d0adct.png,midjourney-v5
midjourney-v5/r0ab86ea2t.png,midjourney-v5
midjourney-v5/r0f8e5907t.png,midjourney-v5
midjourney-v5/r083b7636t.png,midjourney-v5
midjourney-v5/r02a0839et.png,midjourney-v5
midjourney-v5/r0d8d62edt.png,midjourney-v5
midjourney-v5/r0e9b0485t.png,midjourney-v5
midjourney-v5/r0e63ca9ft.png,midjourney-v5
midjourney-v5/r12638c95t.png,midjourney-v5
midjourney-v5/r088dcebft.png,midjourney-v5
midjourney-v5/r0905697bt.png,midjourney-v5
midjourney-v5/r125034a9t.png,midjourney-v5
midjourney-v5/r081ad6a3t.png,midjourney-v5
midjourney-v5/r033bb79dt.png,midjourney-v5
midjourney-v5/r10a9ca2at.png,midjourney-v5
midjourney-v5/r02f1ba48t.png,midjourney-v5
midjourney-v5/r09ff1dcet.png,midjourney-v5
midjourney-v5/r083ca67ct.png,midjourney-v5
midjourney-v5/r123ca9b3t.png,midjourney-v5
midjourney-v5/r09a992e9t.png,midjourney-v5
midjourney-v5/r0cde6159t.png,midjourney-v5
midjourney-v5/r079d086et.png,midjourney-v5
midjourney-v5/r10e36316t.png,midjourney-v5
midjourney-v5/r01292fd8t.png,midjourney-v5
midjourney-v5/r0e1a6e2ft.png,midjourney-v5
midjourney-v5/r11d981d2t.png,midjourney-v5
midjourney-v5/r1234de87t.png,midjourney-v5
midjourney-v5/r0f5beb66t.png,midjourney-v5
midjourney-v5/r0faffef3t.png,midjourney-v5
midjourney-v5/r03b0c944t.png,midjourney-v5
midjourney-v5/r09445479t.png,midjourney-v5
midjourney-v5/r01a31693t.png,midjourney-v5
midjourney-v5/r101d6690t.png,midjourney-v5
midjourney-v5/r04395e54t.png,midjourney-v5
midjourney-v5/r072d955bt.png,midjourney-v5
midjourney-v5/r065a0da9t.png,midjourney-v5
midjourney-v5/r0db011b4t.png,midjourney-v5
midjourney-v5/r0c03e364t.png,midjourney-v5
midjourney-v5/r0c1f588dt.png,midjourney-v5
midjourney-v5/r1138e1aft.png,midjourney-v5
midjourney-v5/r1069cdabt.png,midjourney-v5
midjourney-v5/r097d3563t.png,midjourney-v5
midjourney-v5/r0e965ba7t.png,midjourney-v5
midjourney-v5/r12e170d4t.png,midjourney-v5
midjourney-v5/r0ed019a4t.png,midjourney-v5
midjourney-v5/r05a7750et.png,midjourney-v5
midjourney-v5/r026cedb7t.png,midjourney-v5
midjourney-v5/r0f6d3b31t.png,midjourney-v5
midjourney-v5/r02d732f8t.png,midjourney-v5
midjourney-v5/r09d50960t.png,midjourney-v5
midjourney-v5/r0d0ff4c2t.png,midjourney-v5
midjourney-v5/r0c764979t.png,midjourney-v5
midjourney-v5/r10f888c2t.png,midjourney-v5
midjourney-v5/r08df6903t.png,midjourney-v5
midjourney-v5/r0fb0a690t.png,midjourney-v5
midjourney-v5/r0eb8dfb5t.png,midjourney-v5
midjourney-v5/r03aa5df1t.png,midjourney-v5
midjourney-v5/r09670876t.png,midjourney-v5
midjourney-v5/r04108c64t.png,midjourney-v5
midjourney-v5/r077507cat.png,midjourney-v5
midjourney-v5/r138ad247t.png,midjourney-v5
midjourney-v5/r13907965t.png,midjourney-v5
midjourney-v5/r13c7e92dt.png,midjourney-v5
midjourney-v5/r14586c63t.png,midjourney-v5
midjourney-v5/r1419078bt.png,midjourney-v5
midjourney-v5/r1565a7e7t.png,midjourney-v5
midjourney-v5/r15885978t.png,midjourney-v5
midjourney-v5/r15919202t.png,midjourney-v5
midjourney-v5/r1594b4b3t.png,midjourney-v5
midjourney-v5/r15ab6ac6t.png,midjourney-v5
midjourney-v5/r1618da9dt.png,midjourney-v5
midjourney-v5/r16422663t.png,midjourney-v5
midjourney-v5/r169f694ft.png,midjourney-v5
midjourney-v5/r16ea6386t.png,midjourney-v5
midjourney-v5/r170632f5t.png,midjourney-v5
midjourney-v5/r173ee7e8t.png,midjourney-v5
midjourney-v5/r1743fb6bt.png,midjourney-v5
midjourney-v5/r177fb9f1t.png,midjourney-v5
midjourney-v5/r17b2f789t.png,midjourney-v5
midjourney-v5/r17f60607t.png,midjourney-v5
midjourney-v5/r181dd93dt.png,midjourney-v5
midjourney-v5/r1824034et.png,midjourney-v5
midjourney-v5/r182ed662t.png,midjourney-v5
midjourney-v5/r185929e9t.png,midjourney-v5
midjourney-v5/r18791531t.png,midjourney-v5
midjourney-v5/r18990432t.png,midjourney-v5
midjourney-v5/r18ce12dct.png,midjourney-v5
midjourney-v5/r18e0516bt.png,midjourney-v5
midjourney-v5/r1900f7c7t.png,midjourney-v5
midjourney-v5/r193b12aet.png,midjourney-v5
midjourney-v5/r19c9183at.png,midjourney-v5
midjourney-v5/r1a020c3ft.png,midjourney-v5
midjourney-v5/r1a5903fct.png,midjourney-v5
midjourney-v5/r1a8d7a86t.png,midjourney-v5
midjourney-v5/r1b6c1adbt.png,midjourney-v5
midjourney-v5/r1bc3a653t.png,midjourney-v5
midjourney-v5/r1bdb6385t.png,midjourney-v5
midjourney-v5/r1be4943bt.png,midjourney-v5
midjourney-v5/r1c243af7t.png,midjourney-v5
midjourney-v5/r1c874ac4t.png,midjourney-v5
midjourney-v5/r1c9fdcf4t.png,midjourney-v5
midjourney-v5/r1ca5a385t.png,midjourney-v5
midjourney-v5/r1d1d501et.png,midjourney-v5
midjourney-v5/r1d4377f7t.png,midjourney-v5
midjourney-v5/r1d47bfc2t.png,midjourney-v5
midjourney-v5/r1da851e4t.png,midjourney-v5
midjourney-v5/r1e251abet.png,midjourney-v5
midjourney-v5/r1ddc0c98t.png,midjourney-v5
midjourney-v5/r1e7987b3t.png,midjourney-v5
midjourney-v5/r1ec70fd3t.png,midjourney-v5
midjourney-v5/r1ee65904t.png,midjourney-v5
midjourney-v5/r1ef8b85ft.png,midjourney-v5
midjourney-v5/r1eff17eft.png,midjourney-v5
midjourney-v5/r1f5c8451t.png,midjourney-v5
midjourney-v5/r10ab8058t.png,midjourney-v5
midjourney-v5/r1011a436t.png,midjourney-v5
midjourney-v5/r05772356t.png,midjourney-v5
midjourney-v5/r116ce066t.png,midjourney-v5
midjourney-v5/r0f8a1531t.png,midjourney-v5
midjourney-v5/r127608abt.png,midjourney-v5
midjourney-v5/r0fd69c12t.png,midjourney-v5
midjourney-v5/r0cd4ffb0t.png,midjourney-v5
midjourney-v5/r0cea5432t.png,midjourney-v5
midjourney-v5/r108ae9b6t.png,midjourney-v5
midjourney-v5/r09f764ect.png,midjourney-v5
midjourney-v5/r0c9e4ff8t.png,midjourney-v5
midjourney-v5/r03f41fdct.png,midjourney-v5
midjourney-v5/r11e134c7t.png,midjourney-v5
midjourney-v5/r12f3bbfat.png,midjourney-v5
midjourney-v5/r06cad2d6t.png,midjourney-v5
midjourney-v5/r0b665b37t.png,midjourney-v5
midjourney-v5/r0f3569c0t.png,midjourney-v5
midjourney-v5/r05647b9at.png,midjourney-v5
midjourney-v5/r026b5360t.png,midjourney-v5
midjourney-v5/r0b4d8af5t.png,midjourney-v5
midjourney-v5/r0f91c753t.png,midjourney-v5
midjourney-v5/r085bdbe2t.png,midjourney-v5
midjourney-v5/r12a97b08t.png,midjourney-v5
midjourney-v5/r0487f5cet.png,midjourney-v5
midjourney-v5/r0f6250d2t.png,midjourney-v5
midjourney-v5/r0b82ae9bt.png,midjourney-v5
midjourney-v5/r039a851bt.png,midjourney-v5
midjourney-v5/r129f24bet.png,midjourney-v5
midjourney-v5/r0b61ed37t.png,midjourney-v5
midjourney-v5/r05d35656t.png,midjourney-v5
midjourney-v5/r11bf0779t.png,midjourney-v5
midjourney-v5/r0fef53bft.png,midjourney-v5
midjourney-v5/r10c5fc29t.png,midjourney-v5
midjourney-v5/r0648cff8t.png,midjourney-v5
midjourney-v5/r0314c3f9t.png,midjourney-v5
midjourney-v5/r0dd6e8f4t.png,midjourney-v5
midjourney-v5/r0e5b5159t.png,midjourney-v5
midjourney-v5/r04317453t.png,midjourney-v5
midjourney-v5/r0c2fb2a1t.png,midjourney-v5
midjourney-v5/r0527f7e6t.png,midjourney-v5
midjourney-v5/r061e2ecft.png,midjourney-v5
midjourney-v5/r02897203t.png,midjourney-v5
midjourney-v5/r0d203f37t.png,midjourney-v5
midjourney-v5/r13934dc7t.png,midjourney-v5
midjourney-v5/r061db45ft.png,midjourney-v5
midjourney-v5/r029afdb0t.png,midjourney-v5
midjourney-v5/r12cf98bet.png,midjourney-v5
midjourney-v5/r0a10fe29t.png,midjourney-v5
midjourney-v5/r125f6e84t.png,midjourney-v5
midjourney-v5/r1070b804t.png,midjourney-v5
midjourney-v5/r0cfedd72t.png,midjourney-v5
midjourney-v5/r06b161adt.png,midjourney-v5
midjourney-v5/r13fccd2ft.png,midjourney-v5
midjourney-v5/r05ac4560t.png,midjourney-v5
midjourney-v5/r06b7849at.png,midjourney-v5
midjourney-v5/r04eda41ct.png,midjourney-v5
midjourney-v5/r0d0ff43at.png,midjourney-v5
midjourney-v5/r0603031et.png,midjourney-v5
midjourney-v5/r08873591t.png,midjourney-v5
midjourney-v5/r00b8d4a2t.png,midjourney-v5
midjourney-v5/r0ba4c4c0t.png,midjourney-v5
midjourney-v5/r0a3c52a0t.png,midjourney-v5
midjourney-v5/r0a2ff882t.png,midjourney-v5
midjourney-v5/r01559391t.png,midjourney-v5
midjourney-v5/r0809811bt.png,midjourney-v5
midjourney-v5/r0fbf62f8t.png,midjourney-v5
midjourney-v5/r0965e155t.png,midjourney-v5
midjourney-v5/r001d260dt.png,midjourney-v5
midjourney-v5/r1023c21et.png,midjourney-v5
midjourney-v5/r028896d3t.png,midjourney-v5
midjourney-v5/r0e63dd12t.png,midjourney-v5
midjourney-v5/r068812d7t.png,midjourney-v5
midjourney-v5/r03193652t.png,midjourney-v5
midjourney-v5/r0287344at.png,midjourney-v5
midjourney-v5/r06bfc92at.png,midjourney-v5
midjourney-v5/r01170470t.png,midjourney-v5
midjourney-v5/r11865f77t.png,midjourney-v5
midjourney-v5/r0fa22d02t.png,midjourney-v5
midjourney-v5/r13073518t.png,midjourney-v5
midjourney-v5/r094ced7bt.png,midjourney-v5
midjourney-v5/r00879054t.png,midjourney-v5
midjourney-v5/r1148801et.png,midjourney-v5
midjourney-v5/r140f3432t.png,midjourney-v5
midjourney-v5/r142787e2t.png,midjourney-v5
midjourney-v5/r145215fft.png,midjourney-v5
midjourney-v5/r14c67ed2t.png,midjourney-v5
midjourney-v5/r14dd8f91t.png,midjourney-v5
midjourney-v5/r14df59fet.png,midjourney-v5
midjourney-v5/r159d3942t.png,midjourney-v5
midjourney-v5/r15a0b476t.png,midjourney-v5
midjourney-v5/r15c91802t.png,midjourney-v5
midjourney-v5/r16144fa2t.png,midjourney-v5
midjourney-v5/r164c1e13t.png,midjourney-v5
midjourney-v5/r1655a008t.png,midjourney-v5
midjourney-v5/r170b020bt.png,midjourney-v5
midjourney-v5/r1683028at.png,midjourney-v5
midjourney-v5/r16a02a12t.png,midjourney-v5
midjourney-v5/r17492cd5t.png,midjourney-v5
midjourney-v5/r181d64eat.png,midjourney-v5
midjourney-v5/r1828d94at.png,midjourney-v5
midjourney-v5/r1986e42bt.png,midjourney-v5
midjourney-v5/r19b49f2ct.png,midjourney-v5
midjourney-v5/r19d72b0ct.png,midjourney-v5
midjourney-v5/r19d47beft.png,midjourney-v5
midjourney-v5/r1a1d7e72t.png,midjourney-v5
midjourney-v5/r1a0968bft.png,midjourney-v5
midjourney-v5/r1aa43470t.png,midjourney-v5
midjourney-v5/r1a7bb1d6t.png,midjourney-v5
midjourney-v5/r1aa4cc99t.png,midjourney-v5
midjourney-v5/r1aa7459at.png,midjourney-v5
midjourney-v5/r1aa53167t.png,midjourney-v5
midjourney-v5/r1ad2de34t.png,midjourney-v5
midjourney-v5/r1b4e82c4t.png,midjourney-v5
midjourney-v5/r1bc92a89t.png,midjourney-v5
midjourney-v5/r1bc3dd23t.png,midjourney-v5
midjourney-v5/r1bf7ff83t.png,midjourney-v5
midjourney-v5/r1c1fef8ft.png,midjourney-v5
midjourney-v5/r1c9fc42at.png,midjourney-v5
midjourney-v5/r1cc0e4e1t.png,midjourney-v5
midjourney-v5/r1d527f65t.png,midjourney-v5
midjourney-v5/r1db1c478t.png,midjourney-v5
midjourney-v5/r1e3b4cdft.png,midjourney-v5
midjourney-v5/r1dbe1b11t.png,midjourney-v5
midjourney-v5/r1dbef145t.png,midjourney-v5
midjourney-v5/r1e69b067t.png,midjourney-v5
midjourney-v5/r1e79c6f9t.png,midjourney-v5
midjourney-v5/r1ee6f90et.png,midjourney-v5
midjourney-v5/r1f2f31e2t.png,midjourney-v5
midjourney-v5/r0db6cc31t.png,midjourney-v5
midjourney-v5/r0bbbb097t.png,midjourney-v5
midjourney-v5/r006fcc20t.png,midjourney-v5
midjourney-v5/r08d2b4dat.png,midjourney-v5
midjourney-v5/r141669e5t.png,midjourney-v5
midjourney-v5/r0f5475b5t.png,midjourney-v5
midjourney-v5/r0a8b59bbt.png,midjourney-v5
midjourney-v5/r1301676dt.png,midjourney-v5
midjourney-v5/r0f24ca4dt.png,midjourney-v5
midjourney-v5/r0eb7ee5ct.png,midjourney-v5
midjourney-v5/r0438eb97t.png,midjourney-v5
midjourney-v5/r07e35007t.png,midjourney-v5
midjourney-v5/r15efd876t.png,midjourney-v5
midjourney-v5/r155fe1fat.png,midjourney-v5
midjourney-v5/r162b2209t.png,midjourney-v5
midjourney-v5/r09efa609t.png,midjourney-v5
midjourney-v5/r0450c4c0t.png,midjourney-v5
midjourney-v5/r0ae68527t.png,midjourney-v5
midjourney-v5/r057282fet.png,midjourney-v5
midjourney-v5/r1639a65ct.png,midjourney-v5
midjourney-v5/r133c5a52t.png,midjourney-v5
midjourney-v5/r07cfb432t.png,midjourney-v5
midjourney-v5/r0207a52ct.png,midjourney-v5
midjourney-v5/r0d61db4ct.png,midjourney-v5
midjourney-v5/r14a51689t.png,midjourney-v5
midjourney-v5/r1104e9e6t.png,midjourney-v5
midjourney-v5/r0f979863t.png,midjourney-v5
midjourney-v5/r04989a70t.png,midjourney-v5
midjourney-v5/r08b12799t.png,midjourney-v5
midjourney-v5/r129f09b4t.png,midjourney-v5
midjourney-v5/r12133015t.png,midjourney-v5
midjourney-v5/r00869422t.png,midjourney-v5
midjourney-v5/r06d3ac60t.png,midjourney-v5
midjourney-v5/r13bb381ct.png,midjourney-v5
midjourney-v5/r08079988t.png,midjourney-v5
midjourney-v5/r0fbb5bc1t.png,midjourney-v5
midjourney-v5/r0dd7b354t.png,midjourney-v5
midjourney-v5/r094cf3c6t.png,midjourney-v5
midjourney-v5/r11c4de0et.png,midjourney-v5
midjourney-v5/r03cef811t.png,midjourney-v5
midjourney-v5/r0a42c0f6t.png,midjourney-v5
midjourney-v5/r00b3931bt.png,midjourney-v5
midjourney-v5/r152d9ff5t.png,midjourney-v5
midjourney-v5/r0a776764t.png,midjourney-v5
midjourney-v5/r062cab38t.png,midjourney-v5
midjourney-v5/r15f16465t.png,midjourney-v5
midjourney-v5/r15d1c836t.png,midjourney-v5
midjourney-v5/r137bcd7at.png,midjourney-v5
midjourney-v5/r0e35d1fct.png,midjourney-v5
midjourney-v5/r13e56300t.png,midjourney-v5
midjourney-v5/r13ae7d1et.png,midjourney-v5
midjourney-v5/r0b03e77at.png,midjourney-v5
midjourney-v5/r0f2e6baft.png,midjourney-v5
midjourney-v5/r09851aa4t.png,midjourney-v5
midjourney-v5/r0a18e454t.png,midjourney-v5
midjourney-v5/r0c5e9567t.png,midjourney-v5
midjourney-v5/r0fae3dbdt.png,midjourney-v5
midjourney-v5/r035ef2c2t.png,midjourney-v5
midjourney-v5/r13928401t.png,midjourney-v5
midjourney-v5/r12cebbd2t.png,midjourney-v5
midjourney-v5/r0a31a2cct.png,midjourney-v5
midjourney-v5/r1297fd0bt.png,midjourney-v5
midjourney-v5/r0a72568ct.png,midjourney-v5
midjourney-v5/r09579ff2t.png,midjourney-v5
midjourney-v5/r0f36ba1bt.png,midjourney-v5
midjourney-v5/r0c32591dt.png,midjourney-v5
midjourney-v5/r0e5dfc8et.png,midjourney-v5
midjourney-v5/r0282ca06t.png,midjourney-v5
midjourney-v5/r0249f733t.png,midjourney-v5
midjourney-v5/r0db31c3ft.png,midjourney-v5
midjourney-v5/r0b50b69ct.png,midjourney-v5
midjourney-v5/r010cb248t.png,midjourney-v5
midjourney-v5/r00c0995ft.png,midjourney-v5
midjourney-v5/r116825e2t.png,midjourney-v5
midjourney-v5/r0fa077bet.png,midjourney-v5
midjourney-v5/r03f70ccdt.png,midjourney-v5
midjourney-v5/r084889d5t.png,midjourney-v5
midjourney-v5/r11aa1ee3t.png,midjourney-v5
midjourney-v5/r12c64de9t.png,midjourney-v5
midjourney-v5/r169a9b07t.png,midjourney-v5
midjourney-v5/r16da5576t.png,midjourney-v5
midjourney-v5/r16dca6f2t.png,midjourney-v5
midjourney-v5/r17afaaa1t.png,midjourney-v5
midjourney-v5/r17b873bct.png,midjourney-v5
midjourney-v5/r1866b73at.png,midjourney-v5
midjourney-v5/r180a7062t.png,midjourney-v5
midjourney-v5/r1915909et.png,midjourney-v5
midjourney-v5/r1a2095b2t.png,midjourney-v5
midjourney-v5/r197770adt.png,midjourney-v5
midjourney-v5/r1a7346d0t.png,midjourney-v5
midjourney-v5/r1a7b8c42t.png,midjourney-v5
midjourney-v5/r1aa4db16t.png,midjourney-v5
midjourney-v5/r1aa63558t.png,midjourney-v5
midjourney-v5/r1b09da9ct.png,midjourney-v5
midjourney-v5/r1b57dbb2t.png,midjourney-v5
midjourney-v5/r1b61c7b1t.png,midjourney-v5
midjourney-v5/r1b790721t.png,midjourney-v5
midjourney-v5/r1bd70210t.png,midjourney-v5
midjourney-v5/r1c1e3ec9t.png,midjourney-v5
midjourney-v5/r1c402787t.png,midjourney-v5
midjourney-v5/r1c5ec853t.png,midjourney-v5
midjourney-v5/r1ca0784dt.png,midjourney-v5
midjourney-v5/r1ca254b2t.png,midjourney-v5
midjourney-v5/r1cd8d9a4t.png,midjourney-v5
midjourney-v5/r1ced1907t.png,midjourney-v5
midjourney-v5/r1cfc8ddat.png,midjourney-v5
midjourney-v5/r1d1445b6t.png,midjourney-v5
midjourney-v5/r1d16ad1et.png,midjourney-v5
midjourney-v5/r1d9eaf70t.png,midjourney-v5
midjourney-v5/r1d99d1f3t.png,midjourney-v5
midjourney-v5/r1db351a2t.png,midjourney-v5
midjourney-v5/r1e3303ebt.png,midjourney-v5
midjourney-v5/r1e367d35t.png,midjourney-v5
midjourney-v5/r1e5c27c1t.png,midjourney-v5
midjourney-v5/r1e9ae164t.png,midjourney-v5
midjourney-v5/r1f1a9df4t.png,midjourney-v5
midjourney-v5/r1f446078t.png,midjourney-v5
midjourney-v5/r0cc5a33ct.png,midjourney-v5
midjourney-v5/r13b45303t.png,midjourney-v5
midjourney-v5/r050e1024t.png,midjourney-v5
midjourney-v5/r144e095dt.png,midjourney-v5
midjourney-v5/r0149a21ct.png,midjourney-v5
midjourney-v5/r066358d3t.png,midjourney-v5
midjourney-v5/r165fbf4ft.png,midjourney-v5
midjourney-v5/r0284aa1at.png,midjourney-v5
midjourney-v5/r116fa8b7t.png,midjourney-v5
midjourney-v5/r08c76321t.png,midjourney-v5
midjourney-v5/r021429abt.png,midjourney-v5
midjourney-v5/r0eedd456t.png,midjourney-v5
midjourney-v5/r015b453ft.png,midjourney-v5
midjourney-v5/r169c7350t.png,midjourney-v5
midjourney-v5/r15eef8b9t.png,midjourney-v5
midjourney-v5/r0a19cb85t.png,midjourney-v5
midjourney-v5/r103a4f26t.png,midjourney-v5
midjourney-v5/r02513d19t.png,midjourney-v5
midjourney-v5/r1694427et.png,midjourney-v5
midjourney-v5/r0b3979d0t.png,midjourney-v5
midjourney-v5/r0428df0ct.png,midjourney-v5
midjourney-v5/r01cf60c7t.png,midjourney-v5
midjourney-v5/r01474187t.png,midjourney-v5
midjourney-v5/r0eab8214t.png,midjourney-v5
midjourney-v5/r05db7e7ft.png,midjourney-v5
midjourney-v5/r13a16a0at.png,midjourney-v5
midjourney-v5/r036e2a9at.png,midjourney-v5
midjourney-v5/r00444b95t.png,midjourney-v5
midjourney-v5/r0b1f92a9t.png,midjourney-v5
midjourney-v5/r14f241e4t.png,midjourney-v5
midjourney-v5/r12f02af5t.png,midjourney-v5
midjourney-v5/r0281b52at.png,midjourney-v5
midjourney-v5/r0bc87c20t.png,midjourney-v5
midjourney-v5/r11850456t.png,midjourney-v5
midjourney-v5/r0c6cf00bt.png,midjourney-v5
midjourney-v5/r097555c4t.png,midjourney-v5
midjourney-v5/r0b5a3035t.png,midjourney-v5
midjourney-v5/r0250eb80t.png,midjourney-v5
midjourney-v5/r15f07f9dt.png,midjourney-v5
midjourney-v5/r0a8e5f8at.png,midjourney-v5
midjourney-v5/r1661f358t.png,midjourney-v5
midjourney-v5/r0f91360ct.png,midjourney-v5
midjourney-v5/r092b4511t.png,midjourney-v5
midjourney-v5/r0dd60980t.png,midjourney-v5
midjourney-v5/r0fdfc4f0t.png,midjourney-v5
midjourney-v5/r0200a7a6t.png,midjourney-v5
midjourney-v5/r16192cf0t.png,midjourney-v5
midjourney-v5/r0bdc7894t.png,midjourney-v5
midjourney-v5/r01d9da09t.png,midjourney-v5
midjourney-v5/r08b05c94t.png,midjourney-v5
midjourney-v5/r0c486c0at.png,midjourney-v5
midjourney-v5/r1267fa5bt.png,midjourney-v5
midjourney-v5/r0b7b1156t.png,midjourney-v5
midjourney-v5/r0c8f3ce5t.png,midjourney-v5
midjourney-v5/r04b8473dt.png,midjourney-v5
midjourney-v5/r13a5bb6bt.png,midjourney-v5
midjourney-v5/r043951a3t.png,midjourney-v5
midjourney-v5/r018ba134t.png,midjourney-v5
midjourney-v5/r02b3a1ddt.png,midjourney-v5
midjourney-v5/r04aceb4et.png,midjourney-v5
midjourney-v5/r1126b615t.png,midjourney-v5
midjourney-v5/r07e1e8cbt.png,midjourney-v5
midjourney-v5/r1602555bt.png,midjourney-v5
midjourney-v5/r138ceafbt.png,midjourney-v5
midjourney-v5/r07f22efdt.png,midjourney-v5
midjourney-v5/r08ac875ct.png,midjourney-v5
midjourney-v5/r0a5d7cb6t.png,midjourney-v5
midjourney-v5/r05f3f6a5t.png,midjourney-v5
midjourney-v5/r175da907t.png,midjourney-v5
midjourney-v5/r027a692ft.png,midjourney-v5
midjourney-v5/r08788547t.png,midjourney-v5
midjourney-v5/r133bb357t.png,midjourney-v5
midjourney-v5/r0777fea4t.png,midjourney-v5
midjourney-v5/r0bf1bbect.png,midjourney-v5
midjourney-v5/r17217693t.png,midjourney-v5
midjourney-v5/r146771d7t.png,midjourney-v5
midjourney-v5/r13493fa3t.png,midjourney-v5
midjourney-v5/r06aa7dabt.png,midjourney-v5
midjourney-v5/r02f5c155t.png,midjourney-v5
midjourney-v5/r041c02cat.png,midjourney-v5
midjourney-v5/r01291f20t.png,midjourney-v5
midjourney-v5/r1378de81t.png,midjourney-v5
midjourney-v5/r0e7b407bt.png,midjourney-v5
midjourney-v5/r18302db2t.png,midjourney-v5
midjourney-v5/r188eb234t.png,midjourney-v5
midjourney-v5/r18d1abact.png,midjourney-v5
midjourney-v5/r18fafe10t.png,midjourney-v5
midjourney-v5/r191f3cdet.png,midjourney-v5
midjourney-v5/r192ae577t.png,midjourney-v5
midjourney-v5/r198ae140t.png,midjourney-v5
midjourney-v5/r195f12adt.png,midjourney-v5
midjourney-v5/r1a0f5585t.png,midjourney-v5
midjourney-v5/r1a4651edt.png,midjourney-v5
midjourney-v5/r1a28d44bt.png,midjourney-v5
midjourney-v5/r1a877849t.png,midjourney-v5
midjourney-v5/r1a845144t.png,midjourney-v5
midjourney-v5/r1a91c337t.png,midjourney-v5
midjourney-v5/r1ad3fa6dt.png,midjourney-v5
midjourney-v5/r1ad9cd64t.png,midjourney-v5
midjourney-v5/r1ae12b3ft.png,midjourney-v5
midjourney-v5/r1b547547t.png,midjourney-v5
midjourney-v5/r1b8b1b14t.png,midjourney-v5
midjourney-v5/r1bc4e4act.png,midjourney-v5
midjourney-v5/r1bcfab73t.png,midjourney-v5
midjourney-v5/r1bf00696t.png,midjourney-v5
midjourney-v5/r1bfbaab3t.png,midjourney-v5
midjourney-v5/r1c2ac865t.png,midjourney-v5
midjourney-v5/r1c83ec1dt.png,midjourney-v5
midjourney-v5/r1db5be20t.png,midjourney-v5
midjourney-v5/r1dd998dft.png,midjourney-v5
midjourney-v5/r1dea56e5t.png,midjourney-v5
midjourney-v5/r1e52a39dt.png,midjourney-v5
midjourney-v5/r1e56884ft.png,midjourney-v5
midjourney-v5/r1e8e493ct.png,midjourney-v5
midjourney-v5/r1ef15cb3t.png,midjourney-v5
midjourney-v5/r1ea8ccbbt.png,midjourney-v5
midjourney-v5/r1efcf847t.png,midjourney-v5
midjourney-v5/r1f20d8b5t.png,midjourney-v5
midjourney-v5/r1f40decct.png,midjourney-v5
midjourney-v5/r1f5ad4e0t.png,midjourney-v5
real_RAISE_1k/r10893508t.png,real
real_RAISE_1k/r02354285t.png,real
real_RAISE_1k/r170df29ct.png,real
real_RAISE_1k/r061433aft.png,real
real_RAISE_1k/r1a9de6e9t.png,real
real_RAISE_1k/r05f3bc6ct.png,real
real_RAISE_1k/r1f23f4ddt.png,real
real_RAISE_1k/r126a22b8t.png,real
real_RAISE_1k/r049f471dt.png,real
real_RAISE_1k/r1c070921t.png,real
real_RAISE_1k/r065472d8t.png,real
real_RAISE_1k/r0c3a8ea0t.png,real
real_RAISE_1k/r19924edft.png,real
real_RAISE_1k/r0b6e4254t.png,real
real_RAISE_1k/r0e661e0dt.png,real
real_RAISE_1k/r0fbd0c71t.png,real
real_RAISE_1k/r116fa8b7t.png,real
real_RAISE_1k/r144e095dt.png,real
real_RAISE_1k/r0eba1984t.png,real
real_RAISE_1k/r1efcf847t.png,real
real_RAISE_1k/r1ea8ccbbt.png,real
real_RAISE_1k/r1a9783cdt.png,real
real_RAISE_1k/r1ad3fa6dt.png,real
real_RAISE_1k/r08b04f65t.png,real
real_RAISE_1k/r052e9174t.png,real
real_RAISE_1k/r1426cde6t.png,real
real_RAISE_1k/r050e1024t.png,real
real_RAISE_1k/r0eb9e900t.png,real
real_RAISE_1k/r0af5a8cct.png,real
real_RAISE_1k/r19fe3107t.png,real
real_RAISE_1k/r1468a9e1t.png,real
real_RAISE_1k/r110cc74ct.png,real
real_RAISE_1k/r165fbf4ft.png,real
real_RAISE_1k/r0191aaf4t.png,real
real_RAISE_1k/r0fe270aet.png,real
real_RAISE_1k/r04e7644dt.png,real
real_RAISE_1k/r0b99ac3ct.png,real
real_RAISE_1k/r0a4ce555t.png,real
real_RAISE_1k/r0cc5a33ct.png,real
real_RAISE_1k/r1bcfab73t.png,real
real_RAISE_1k/r16d46fa3t.png,real
real_RAISE_1k/r0b59fc2bt.png,real
real_RAISE_1k/r09dc6407t.png,real
real_RAISE_1k/r1be2a3d5t.png,real
real_RAISE_1k/r06e1a520t.png,real
real_RAISE_1k/r006b0e4bt.png,real
real_RAISE_1k/r12946364t.png,real
real_RAISE_1k/r048c50d0t.png,real
real_RAISE_1k/r0bc7d0eet.png,real
real_RAISE_1k/r14289905t.png,real
real_RAISE_1k/r1ae12b3ft.png,real
real_RAISE_1k/r13837601t.png,real
real_RAISE_1k/r059cae86t.png,real
real_RAISE_1k/r1a11b3c0t.png,real
real_RAISE_1k/r1a343192t.png,real
real_RAISE_1k/r0fe7b1c6t.png,real
real_RAISE_1k/r1bf00696t.png,real
real_RAISE_1k/r08d9a0cet.png,real
real_RAISE_1k/r1ead3024t.png,real
real_RAISE_1k/r1717ae55t.png,real
real_RAISE_1k/r05bf2f53t.png,real
real_RAISE_1k/r145221d9t.png,real
real_RAISE_1k/r07f99a1at.png,real
real_RAISE_1k/r1f20d8b5t.png,real
real_RAISE_1k/r13b45303t.png,real
real_RAISE_1k/r01a5f38at.png,real
real_RAISE_1k/r1c6377bat.png,real
real_RAISE_1k/r14902ba4t.png,real
real_RAISE_1k/r1ef16e0dt.png,real
real_RAISE_1k/r0b755540t.png,real
real_RAISE_1k/r04160d64t.png,real
real_RAISE_1k/r12ed2816t.png,real
real_RAISE_1k/r1aef663et.png,real
real_RAISE_1k/r18d72ab2t.png,real
real_RAISE_1k/r0dff226et.png,real
real_RAISE_1k/r171d73aat.png,real
real_RAISE_1k/r03d2a758t.png,real
real_RAISE_1k/r115e2464t.png,real
real_RAISE_1k/r191488c6t.png,real
real_RAISE_1k/r1f3e6681t.png,real
real_RAISE_1k/r14bfe6f4t.png,real
real_RAISE_1k/r1dea56e5t.png,real
real_RAISE_1k/r0284aa1at.png,real
real_RAISE_1k/r1cde4afbt.png,real
real_RAISE_1k/r0ebb5ca2t.png,real
real_RAISE_1k/r18ea00c8t.png,real
real_RAISE_1k/r1ebee709t.png,real
real_RAISE_1k/r066358d3t.png,real
real_RAISE_1k/r1f4a44a7t.png,real
real_RAISE_1k/r19835fbft.png,real
real_RAISE_1k/r07b99141t.png,real
real_RAISE_1k/r150058a4t.png,real
real_RAISE_1k/r0b735401t.png,real
real_RAISE_1k/r01ef1b4at.png,real
real_RAISE_1k/r1d53fccat.png,real
real_RAISE_1k/r06c4bcb9t.png,real
real_RAISE_1k/r1c4ae120t.png,real
real_RAISE_1k/r05839451t.png,real
real_RAISE_1k/r1ea13eb4t.png,real
real_RAISE_1k/r11e26097t.png,real
real_RAISE_1k/r046852c1t.png,real
real_RAISE_1k/r1b106abdt.png,real
real_RAISE_1k/r038922cbt.png,real
real_RAISE_1k/r16698b6et.png,real
real_RAISE_1k/r0ebb0bb4t.png,real
real_RAISE_1k/r07598392t.png,real
real_RAISE_1k/r06888d38t.png,real
real_RAISE_1k/r0d1dd61ft.png,real
real_RAISE_1k/r13c19caft.png,real
real_RAISE_1k/r1e14f45ct.png,real
real_RAISE_1k/r0a54ed98t.png,real
real_RAISE_1k/r1372056ct.png,real
real_RAISE_1k/r056c0ee6t.png,real
real_RAISE_1k/r18393aeet.png,real
real_RAISE_1k/r0a779af2t.png,real
real_RAISE_1k/r05f66e6dt.png,real
real_RAISE_1k/r1889220ft.png,real
real_RAISE_1k/r17ad56act.png,real
real_RAISE_1k/r10940798t.png,real
real_RAISE_1k/r1a485a99t.png,real
real_RAISE_1k/r07c47354t.png,real
real_RAISE_1k/r142335f0t.png,real
real_RAISE_1k/r03c8ddcft.png,real
real_RAISE_1k/r02f9f53et.png,real
real_RAISE_1k/r085a5f53t.png,real
real_RAISE_1k/r0a0852c6t.png,real
real_RAISE_1k/r0149a21ct.png,real
real_RAISE_1k/r0ab7202ft.png,real
real_RAISE_1k/r0deb6dadt.png,real
real_RAISE_1k/r1644d874t.png,real
real_RAISE_1k/r1570dd6at.png,real
real_RAISE_1k/r1a7e4791t.png,real
real_RAISE_1k/r113ee9edt.png,real
real_RAISE_1k/r070a874ct.png,real
real_RAISE_1k/r0bc0e549t.png,real
real_RAISE_1k/r165355c0t.png,real
real_RAISE_1k/r1e698e5dt.png,real
real_RAISE_1k/r1077d1f2t.png,real
real_RAISE_1k/r144f25eet.png,real
real_RAISE_1k/r0eb07be3t.png,real
real_RAISE_1k/r12daa983t.png,real
real_RAISE_1k/r072649fdt.png,real
real_RAISE_1k/r059ce7d0t.png,real
real_RAISE_1k/r00679daet.png,real
real_RAISE_1k/r1d431afft.png,real
real_RAISE_1k/r18990432t.png,real
real_RAISE_1k/r1900f7c7t.png,real
real_RAISE_1k/r04cfa379t.png,real
real_RAISE_1k/r04851bf9t.png,real
real_RAISE_1k/r16ea6386t.png,real
real_RAISE_1k/r0408fe9ft.png,real
real_RAISE_1k/r018e74fet.png,real
real_RAISE_1k/r1ab1679et.png,real
real_RAISE_1k/r17228bbdt.png,real
real_RAISE_1k/r0de97473t.png,real
real_RAISE_1k/r12c1798bt.png,real
real_RAISE_1k/r14556dabt.png,real
real_RAISE_1k/r0f22c43ct.png,real
real_RAISE_1k/r1b9e9917t.png,real
real_RAISE_1k/r0f38373ct.png,real
real_RAISE_1k/r0b5b85d0t.png,real
real_RAISE_1k/r18ce12dct.png,real
real_RAISE_1k/r1a8ee526t.png,real
real_RAISE_1k/r0b985828t.png,real
real_RAISE_1k/r17f60607t.png,real
real_RAISE_1k/r17b2f789t.png,real
real_RAISE_1k/r0c795771t.png,real
real_RAISE_1k/r07e594d6t.png,real
real_RAISE_1k/r1d1cf607t.png,real
real_RAISE_1k/r1a020c3ft.png,real
real_RAISE_1k/r1dc4077at.png,real
real_RAISE_1k/r1e504ebbt.png,real
real_RAISE_1k/r113b7fb4t.png,real
real_RAISE_1k/r1baf2ce0t.png,real
real_RAISE_1k/r04a210b3t.png,real
real_RAISE_1k/r187df69ft.png,real
real_RAISE_1k/r12d4cabat.png,real
real_RAISE_1k/r07dba73ft.png,real
real_RAISE_1k/r101af5b4t.png,real
real_RAISE_1k/r066b256at.png,real
real_RAISE_1k/r03640e97t.png,real
real_RAISE_1k/r1ddc0c98t.png,real
real_RAISE_1k/r0372042dt.png,real
real_RAISE_1k/r10f2ac48t.png,real
real_RAISE_1k/r141665bdt.png,real
real_RAISE_1k/r0d796d4ft.png,real
real_RAISE_1k/r053d2196t.png,real
real_RAISE_1k/r005f3e70t.png,real
real_RAISE_1k/r0a94587ft.png,real
real_RAISE_1k/r031917act.png,real
real_RAISE_1k/r07c51648t.png,real
real_RAISE_1k/r0f98115dt.png,real
real_RAISE_1k/r1e8acc5ct.png,real
real_RAISE_1k/r0b591bc3t.png,real
real_RAISE_1k/r0a808003t.png,real
real_RAISE_1k/r163967d4t.png,real
real_RAISE_1k/r1ab0bb20t.png,real
real_RAISE_1k/r1eff17eft.png,real
real_RAISE_1k/r07e242b7t.png,real
real_RAISE_1k/r1f16e2abt.png,real
real_RAISE_1k/r008a2095t.png,real
real_RAISE_1k/r13de1e12t.png,real
real_RAISE_1k/r0897d8aat.png,real
real_RAISE_1k/r1ef8b85ft.png,real
real_RAISE_1k/r1e9c8a5dt.png,real
real_RAISE_1k/r0356ea60t.png,real
real_RAISE_1k/r02210c2at.png,real
real_RAISE_1k/r0ac70243t.png,real
real_RAISE_1k/r1ca2ef38t.png,real
real_RAISE_1k/r11a7deb7t.png,real
real_RAISE_1k/r09a79474t.png,real
real_RAISE_1k/r1cb7084et.png,real
real_RAISE_1k/r0fbe1b0ft.png,real
real_RAISE_1k/r08cbbab9t.png,real
real_RAISE_1k/r184f08dat.png,real
real_RAISE_1k/r08307e1at.png,real
real_RAISE_1k/r15199ae3t.png,real
real_RAISE_1k/r121f7893t.png,real
real_RAISE_1k/r0773471dt.png,real
real_RAISE_1k/r0b841e5at.png,real
real_RAISE_1k/r1934e29ft.png,real
real_RAISE_1k/r10134c59t.png,real
real_RAISE_1k/r1d4377f7t.png,real
real_RAISE_1k/r038422cft.png,real
real_RAISE_1k/r0eea5a7et.png,real
real_RAISE_1k/r0676c50at.png,real
real_RAISE_1k/r08abaa78t.png,real
real_RAISE_1k/r06691aa5t.png,real
real_RAISE_1k/r1d00d8ect.png,real
real_RAISE_1k/r1a57cb29t.png,real
real_RAISE_1k/r1b177fe1t.png,real
real_RAISE_1k/r056d6bebt.png,real
real_RAISE_1k/r0f2c63d2t.png,real
real_RAISE_1k/r075baf3ct.png,real
real_RAISE_1k/r179bb406t.png,real
real_RAISE_1k/r0f86049ct.png,real
real_RAISE_1k/r12c5f70bt.png,real
real_RAISE_1k/r137f062ft.png,real
real_RAISE_1k/r113402d4t.png,real
real_RAISE_1k/r0a9384b1t.png,real
real_RAISE_1k/r07db8a54t.png,real
real_RAISE_1k/r0bbd0b0et.png,real
real_RAISE_1k/r19be5c05t.png,real
real_RAISE_1k/r072421a1t.png,real
real_RAISE_1k/r1c24a571t.png,real
real_RAISE_1k/r16654024t.png,real
real_RAISE_1k/r1c5a4928t.png,real
real_RAISE_1k/r0288b58ct.png,real
real_RAISE_1k/r0c7fcc38t.png,real
real_RAISE_1k/r19d92967t.png,real
real_RAISE_1k/r194c49f5t.png,real
real_RAISE_1k/r132d538et.png,real
real_RAISE_1k/r16d6c35dt.png,real
real_RAISE_1k/r063d8a61t.png,real
real_RAISE_1k/r1ee65904t.png,real
real_RAISE_1k/r1218b33at.png,real
real_RAISE_1k/r02b7536at.png,real
real_RAISE_1k/r012b0f30t.png,real
real_RAISE_1k/r1824034et.png,real
real_RAISE_1k/r169f694ft.png,real
real_RAISE_1k/r02508493t.png,real
real_RAISE_1k/r1f2c2acft.png,real
real_RAISE_1k/r110b4219t.png,real
real_RAISE_1k/r06743f8ft.png,real
real_RAISE_1k/r15028ceft.png,real
real_RAISE_1k/r0ce35df8t.png,real
real_RAISE_1k/r16113cc8t.png,real
real_RAISE_1k/r02a21f6ct.png,real
real_RAISE_1k/r0cbdc6f8t.png,real
real_RAISE_1k/r0383e9c3t.png,real
real_RAISE_1k/r03bf5648t.png,real
real_RAISE_1k/r002fc3e2t.png,real
real_RAISE_1k/r1f1178cet.png,real
real_RAISE_1k/r1c31a90bt.png,real
real_RAISE_1k/r0b76b82ft.png,real
real_RAISE_1k/r0833f646t.png,real
real_RAISE_1k/r0744a10et.png,real
real_RAISE_1k/r0108c383t.png,real
real_RAISE_1k/r069e346et.png,real
real_RAISE_1k/r00a940e1t.png,real
real_RAISE_1k/r0667a51ft.png,real
real_RAISE_1k/r13b5b161t.png,real
real_RAISE_1k/r1a7feb2bt.png,real
real_RAISE_1k/r189be0d8t.png,real
real_RAISE_1k/r07cf907dt.png,real
real_RAISE_1k/r0b0cd69et.png,real
real_RAISE_1k/r0d89edd8t.png,real
real_RAISE_1k/r1a2d8b02t.png,real
real_RAISE_1k/r14ca1259t.png,real
real_RAISE_1k/r0d56c1d7t.png,real
real_RAISE_1k/r01511e3et.png,real
real_RAISE_1k/r07d5eb94t.png,real
real_RAISE_1k/r1db2847et.png,real
real_RAISE_1k/r13a9002bt.png,real
real_RAISE_1k/r17d11b3at.png,real
real_RAISE_1k/r17fe8532t.png,real
real_RAISE_1k/r0f1a3f00t.png,real
real_RAISE_1k/r154d7294t.png,real
real_RAISE_1k/r104153eat.png,real
real_RAISE_1k/r11a5b93dt.png,real
real_RAISE_1k/r0417f5e3t.png,real
real_RAISE_1k/r125442fat.png,real
real_RAISE_1k/r1810ba7at.png,real
real_RAISE_1k/r1882b6e6t.png,real
real_RAISE_1k/r180bcbd7t.png,real
real_RAISE_1k/r0b3220e1t.png,real
real_RAISE_1k/r128dfb38t.png,real
real_RAISE_1k/r08276bf9t.png,real
real_RAISE_1k/r033daaa0t.png,real
real_RAISE_1k/r11b292cbt.png,real
real_RAISE_1k/r0ff7a848t.png,real
real_RAISE_1k/r05d9d749t.png,real
real_RAISE_1k/r18d9feeat.png,real
real_RAISE_1k/r10ab8058t.png,real
real_RAISE_1k/r14df59fet.png,real
real_RAISE_1k/r127608abt.png,real
real_RAISE_1k/r0cd4ffb0t.png,real
real_RAISE_1k/r1bca2388t.png,real
real_RAISE_1k/r1a499b96t.png,real
real_RAISE_1k/r0941aa38t.png,real
real_RAISE_1k/r108301e3t.png,real
real_RAISE_1k/r1a9acd94t.png,real
real_RAISE_1k/r1b262b72t.png,real
real_RAISE_1k/r089cae91t.png,real
real_RAISE_1k/r0ea0825ft.png,real
real_RAISE_1k/r1c717a46t.png,real
real_RAISE_1k/r135df877t.png,real
real_RAISE_1k/r0fd69c12t.png,real
real_RAISE_1k/r0a64ce0bt.png,real
real_RAISE_1k/r05772356t.png,real
real_RAISE_1k/r03ed2669t.png,real
real_RAISE_1k/r1c6b4a23t.png,real
real_RAISE_1k/r09245347t.png,real
real_RAISE_1k/r09b86185t.png,real
real_RAISE_1k/r097088c1t.png,real
real_RAISE_1k/r1c4e6a62t.png,real
real_RAISE_1k/r00816405t.png,real
real_RAISE_1k/r0708431at.png,real
real_RAISE_1k/r1f11809bt.png,real
real_RAISE_1k/r03995a8ct.png,real
real_RAISE_1k/r101eab0dt.png,real
real_RAISE_1k/r039a5ef5t.png,real
real_RAISE_1k/r171eeaf8t.png,real
real_RAISE_1k/r1f48d12dt.png,real
real_RAISE_1k/r09d7cd4et.png,real
real_RAISE_1k/r0c925d34t.png,real
real_RAISE_1k/r1580c37ft.png,real
real_RAISE_1k/r1011a436t.png,real
real_RAISE_1k/r1e9082f9t.png,real
real_RAISE_1k/r128cc6fbt.png,real
real_RAISE_1k/r19d47beft.png,real
real_RAISE_1k/r0f8a1531t.png,real
real_RAISE_1k/r1d679eaet.png,real
real_RAISE_1k/r05d59d7ct.png,real
real_RAISE_1k/r1bc355f2t.png,real
real_RAISE_1k/r1cc0e4e1t.png,real
real_RAISE_1k/r1c09b002t.png,real
real_RAISE_1k/r142b504bt.png,real
real_RAISE_1k/r0f4ece9bt.png,real
real_RAISE_1k/r0ed844b5t.png,real
real_RAISE_1k/r09c15af7t.png,real
real_RAISE_1k/r1a60a2bdt.png,real
real_RAISE_1k/r1b4e82c4t.png,real
real_RAISE_1k/r01cbb7fdt.png,real
real_RAISE_1k/r08b41f18t.png,real
real_RAISE_1k/r00c4a543t.png,real
real_RAISE_1k/r198ea6a5t.png,real
real_RAISE_1k/r0b0e2ba5t.png,real
real_RAISE_1k/r1af60295t.png,real
real_RAISE_1k/r1db61cf8t.png,real
real_RAISE_1k/r1322c4d6t.png,real
real_RAISE_1k/r0d280006t.png,real
real_RAISE_1k/r195a5f44t.png,real
real_RAISE_1k/r06a52b7bt.png,real
real_RAISE_1k/r04c566a0t.png,real
real_RAISE_1k/r150b1b51t.png,real
real_RAISE_1k/r0edb165ft.png,real
real_RAISE_1k/r09c8e042t.png,real
real_RAISE_1k/r1554cfadt.png,real
real_RAISE_1k/r1bc23d6et.png,real
real_RAISE_1k/r042d7b17t.png,real
real_RAISE_1k/r09696ba3t.png,real
real_RAISE_1k/r0701ca45t.png,real
real_RAISE_1k/r10a207det.png,real
real_RAISE_1k/r0ab0a205t.png,real
real_RAISE_1k/r0a71c689t.png,real
real_RAISE_1k/r14c2d3fct.png,real
real_RAISE_1k/r13dab3c7t.png,real
real_RAISE_1k/r116ce066t.png,real
real_RAISE_1k/r0176fbcat.png,real
real_RAISE_1k/r177dd68et.png,real
real_RAISE_1k/r04b4d5aft.png,real
real_RAISE_1k/r1a711e27t.png,real
real_RAISE_1k/r102b4aa4t.png,real
real_RAISE_1k/r1bf4e594t.png,real
real_RAISE_1k/r08414c5at.png,real
real_RAISE_1k/r1c028de8t.png,real
real_RAISE_1k/r10944b31t.png,real
real_RAISE_1k/r107730b5t.png,real
real_RAISE_1k/r1b165d45t.png,real
real_RAISE_1k/r05718fd6t.png,real
real_RAISE_1k/r15dcfacct.png,real
real_RAISE_1k/r163317d6t.png,real
real_RAISE_1k/r04e818bat.png,real
real_RAISE_1k/r11a4e1cbt.png,real
real_RAISE_1k/r179ec4e8t.png,real
real_RAISE_1k/r040bf4a5t.png,real
real_RAISE_1k/r09d5cb41t.png,real
real_RAISE_1k/r017904f0t.png,real
real_RAISE_1k/r1b32a6bct.png,real
real_RAISE_1k/r0f25b326t.png,real
real_RAISE_1k/r0f1aef1ft.png,real
real_RAISE_1k/r1a8fe570t.png,real
real_RAISE_1k/r03389e9bt.png,real
real_RAISE_1k/r07d13149t.png,real
real_RAISE_1k/r1de108dft.png,real
real_RAISE_1k/r0670f47ft.png,real
real_RAISE_1k/r0279b17bt.png,real
real_RAISE_1k/r0fc39b66t.png,real
real_RAISE_1k/r082626aft.png,real
real_RAISE_1k/r04c11390t.png,real
real_RAISE_1k/r1ca6cc12t.png,real
real_RAISE_1k/r15dfc1b8t.png,real
real_RAISE_1k/r19ba7288t.png,real
real_RAISE_1k/r1328ee94t.png,real
real_RAISE_1k/r0b13d2a2t.png,real
real_RAISE_1k/r0518cf5dt.png,real
real_RAISE_1k/r0bbbb097t.png,real
real_RAISE_1k/r169a9b07t.png,real
real_RAISE_1k/r1915909et.png,real
real_RAISE_1k/r0a8b59bbt.png,real
real_RAISE_1k/r1301676dt.png,real
real_RAISE_1k/r07e35007t.png,real
real_RAISE_1k/r1d9a31fct.png,real
real_RAISE_1k/r0985dc6ct.png,real
real_RAISE_1k/r1d6e15d3t.png,real
real_RAISE_1k/r05243256t.png,real
real_RAISE_1k/r17754c77t.png,real
real_RAISE_1k/r019eb1cbt.png,real
real_RAISE_1k/r0ebdd2d2t.png,real
real_RAISE_1k/r02059ab4t.png,real
real_RAISE_1k/r0c9910e4t.png,real
real_RAISE_1k/r14a595b6t.png,real
real_RAISE_1k/r1eaa5d42t.png,real
real_RAISE_1k/r0150031ft.png,real
real_RAISE_1k/r084a4ccet.png,real
real_RAISE_1k/r1567e512t.png,real
real_RAISE_1k/r1a1d24b2t.png,real
real_RAISE_1k/r180a7062t.png,real
real_RAISE_1k/r09a60f63t.png,real
real_RAISE_1k/r127d47e0t.png,real
real_RAISE_1k/r0141f0c9t.png,real
real_RAISE_1k/r0eb7ee5ct.png,real
real_RAISE_1k/r08d2b4dat.png,real
real_RAISE_1k/r141e4467t.png,real
real_RAISE_1k/r0c1de5e1t.png,real
real_RAISE_1k/r0f24ca4dt.png,real
real_RAISE_1k/r1c23e440t.png,real
real_RAISE_1k/r07ffdc87t.png,real
real_RAISE_1k/r1b1c1019t.png,real
real_RAISE_1k/r0f137652t.png,real
real_RAISE_1k/r1cfe520bt.png,real
real_RAISE_1k/r0bf7f938t.png,real
real_RAISE_1k/r042d5308t.png,real
real_RAISE_1k/r13c85634t.png,real
real_RAISE_1k/r01b3f004t.png,real
real_RAISE_1k/r141669e5t.png,real
real_RAISE_1k/r037a250ft.png,real
real_RAISE_1k/r045be2act.png,real
real_RAISE_1k/r087a13a6t.png,real
real_RAISE_1k/r10cf67d1t.png,real
real_RAISE_1k/r15499cd8t.png,real
real_RAISE_1k/r0b17fd57t.png,real
real_RAISE_1k/r1344c943t.png,real
real_RAISE_1k/r1a170ddbt.png,real
real_RAISE_1k/r1a07dd25t.png,real
real_RAISE_1k/r14a9a843t.png,real
real_RAISE_1k/r1b2765ebt.png,real
real_RAISE_1k/r1293f8ect.png,real
real_RAISE_1k/r008ed083t.png,real
real_RAISE_1k/r1c4d4720t.png,real
real_RAISE_1k/r04e19833t.png,real
real_RAISE_1k/r006fcc20t.png,real
real_RAISE_1k/r0ed16e26t.png,real
real_RAISE_1k/r00d161b7t.png,real
real_RAISE_1k/r0515a051t.png,real
real_RAISE_1k/r047aa954t.png,real
real_RAISE_1k/r15efd876t.png,real
real_RAISE_1k/r0db6cc31t.png,real
real_RAISE_1k/r0438eb97t.png,real
real_RAISE_1k/r0e04cc91t.png,real
real_RAISE_1k/r197770adt.png,real
real_RAISE_1k/r0341853dt.png,real
real_RAISE_1k/r123c6433t.png,real
real_RAISE_1k/r09488b39t.png,real
real_RAISE_1k/r19183258t.png,real
real_RAISE_1k/r1f1a3258t.png,real
real_RAISE_1k/r0adac68bt.png,real
real_RAISE_1k/r1904147dt.png,real
real_RAISE_1k/r1461e2d7t.png,real
real_RAISE_1k/r0f5475b5t.png,real
real_RAISE_1k/r1cad9823t.png,real
real_RAISE_1k/r18d866e1t.png,real
real_RAISE_1k/r186c09e4t.png,real
real_RAISE_1k/r1bddecd6t.png,real
real_RAISE_1k/r0e593c46t.png,real
real_RAISE_1k/r02189767t.png,real
real_RAISE_1k/r182ed662t.png,real
real_RAISE_1k/r0f71782et.png,real
real_RAISE_1k/r0355b2d5t.png,real
real_RAISE_1k/r1743fb6bt.png,real
real_RAISE_1k/r14586c63t.png,real
real_RAISE_1k/r115c449dt.png,real
real_RAISE_1k/r1565a7e7t.png,real
real_RAISE_1k/r0ab86ea2t.png,real
real_RAISE_1k/r0f8e5907t.png,real
real_RAISE_1k/r1bdb6385t.png,real
real_RAISE_1k/r02a0839et.png,real
real_RAISE_1k/r19c9183at.png,real
real_RAISE_1k/r0e63ca9ft.png,real
real_RAISE_1k/r12638c95t.png,real
real_RAISE_1k/r125034a9t.png,real
real_RAISE_1k/r18791531t.png,real
real_RAISE_1k/r1bc3a653t.png,real
real_RAISE_1k/r033bb79dt.png,real
real_RAISE_1k/r18e0516bt.png,real
real_RAISE_1k/r1a5903fct.png,real
real_RAISE_1k/r09ff1dcet.png,real
real_RAISE_1k/r083ca67ct.png,real
real_RAISE_1k/r123ca9b3t.png,real
real_RAISE_1k/r09a992e9t.png,real
real_RAISE_1k/r15ab6ac6t.png,real
real_RAISE_1k/r079d086et.png,real
real_RAISE_1k/r10e36316t.png,real
real_RAISE_1k/r01292fd8t.png,real
real_RAISE_1k/r1618da9dt.png,real
real_RAISE_1k/r0e1a6e2ft.png,real
real_RAISE_1k/r1234de87t.png,real
real_RAISE_1k/r15885978t.png,real
real_RAISE_1k/r09445479t.png,real
real_RAISE_1k/r1594b4b3t.png,real
real_RAISE_1k/r1a8d7a86t.png,real
real_RAISE_1k/r101d6690t.png,real
real_RAISE_1k/r138ad247t.png,real
real_RAISE_1k/r1be4943bt.png,real
real_RAISE_1k/r1c874ac4t.png,real
real_RAISE_1k/r181dd93dt.png,real
real_RAISE_1k/r04395e54t.png,real
real_RAISE_1k/r072d955bt.png,real
real_RAISE_1k/r1b6c1adbt.png,real
real_RAISE_1k/r065a0da9t.png,real
real_RAISE_1k/r0c03e364t.png,real
real_RAISE_1k/r1138e1aft.png,real
real_RAISE_1k/r1ec70fd3t.png,real
real_RAISE_1k/r1f5c8451t.png,real
real_RAISE_1k/r1d1d501et.png,real
real_RAISE_1k/r12e170d4t.png,real
real_RAISE_1k/r173ee7e8t.png,real
real_RAISE_1k/r0ed019a4t.png,real
real_RAISE_1k/r05a7750et.png,real
real_RAISE_1k/r026cedb7t.png,real
real_RAISE_1k/r0f6d3b31t.png,real
real_RAISE_1k/r02d732f8t.png,real
real_RAISE_1k/r09d50960t.png,real
real_RAISE_1k/r13907965t.png,real
real_RAISE_1k/r185929e9t.png,real
real_RAISE_1k/r10f888c2t.png,real
real_RAISE_1k/r0fb0a690t.png,real
real_RAISE_1k/r0eb8dfb5t.png,real
real_RAISE_1k/r03aa5df1t.png,real
real_RAISE_1k/r09670876t.png,real
real_RAISE_1k/r193b12aet.png,real
real_RAISE_1k/r04108c64t.png,real
real_RAISE_1k/r077507cat.png,real
real_RAISE_1k/r134ba6abt.png,real
real_RAISE_1k/r108ba35et.png,real
real_RAISE_1k/r01d0b83bt.png,real
real_RAISE_1k/r000da54ft.png,real
real_RAISE_1k/r1c56a2bct.png,real
real_RAISE_1k/r1d79b6e7t.png,real
real_RAISE_1k/r0aaa70c3t.png,real
real_RAISE_1k/r1d2bb70at.png,real
real_RAISE_1k/r1c146589t.png,real
real_RAISE_1k/r1f06581bt.png,real
real_RAISE_1k/r1645a09ct.png,real
real_RAISE_1k/r0465565ct.png,real
real_RAISE_1k/r01058910t.png,real
real_RAISE_1k/r01c95f68t.png,real
real_RAISE_1k/r098a8a22t.png,real
real_RAISE_1k/r01b6aed6t.png,real
real_RAISE_1k/r056f233bt.png,real
real_RAISE_1k/r18798194t.png,real
real_RAISE_1k/r1d47bfc2t.png,real
real_RAISE_1k/r1f4f8a51t.png,real
real_RAISE_1k/r11d981d2t.png,real
real_RAISE_1k/r088dcebft.png,real
real_RAISE_1k/r1e7987b3t.png,real
real_RAISE_1k/r0905697bt.png,real
real_RAISE_1k/r1da851e4t.png,real
real_RAISE_1k/r1e251abet.png,real
real_RAISE_1k/r08df6903t.png,real
real_RAISE_1k/r0d8d62edt.png,real
real_RAISE_1k/r0faffef3t.png,real
real_RAISE_1k/r0e965ba7t.png,real
real_RAISE_1k/r10a9ca2at.png,real
real_RAISE_1k/r13c7e92dt.png,real
real_RAISE_1k/r097d3563t.png,real
real_RAISE_1k/r0cde6159t.png,real
real_RAISE_1k/r1c9fdcf4t.png,real
real_RAISE_1k/r07ece355t.png,real
real_RAISE_1k/r03b0c944t.png,real
real_RAISE_1k/r1419078bt.png,real
real_RAISE_1k/r1d3bc675t.png,real
real_RAISE_1k/r16509308t.png,real
real_RAISE_1k/r07df029bt.png,real
real_RAISE_1k/r170632f5t.png,real
real_RAISE_1k/r0f5beb66t.png,real
real_RAISE_1k/r1ca5a385t.png,real
real_RAISE_1k/r1c99500bt.png,real
real_RAISE_1k/r1069cdabt.png,real
real_RAISE_1k/r1d93553ct.png,real
real_RAISE_1k/r02f1ba48t.png,real
real_RAISE_1k/r177fb9f1t.png,real
real_RAISE_1k/r15919202t.png,real
real_RAISE_1k/r1c243af7t.png,real
real_RAISE_1k/r0c1f588dt.png,real
real_RAISE_1k/r083b7636t.png,real
real_RAISE_1k/r04172edct.png,real
real_RAISE_1k/r0d0ff4c2t.png,real
real_RAISE_1k/r04eb0d0ft.png,real
real_RAISE_1k/r098cf7aet.png,real
real_RAISE_1k/r0db011b4t.png,real
real_RAISE_1k/r0c0d0adct.png,real
real_RAISE_1k/r0e9b0485t.png,real
real_RAISE_1k/r0b07b945t.png,real
real_RAISE_1k/r01a31693t.png,real
real_RAISE_1k/r0c764979t.png,real
real_RAISE_1k/r08f2d4c6t.png,real
real_RAISE_1k/r16422663t.png,real
real_RAISE_1k/r1ceba29dt.png,real
real_RAISE_1k/r081ad6a3t.png,real
real_RAISE_1k/r08c76321t.png,real
real_RAISE_1k/r0eedd456t.png,real
real_RAISE_1k/r015b453ft.png,real
real_RAISE_1k/r169c7350t.png,real
real_RAISE_1k/r1b8b1b14t.png,real
real_RAISE_1k/r15eef8b9t.png,real
real_RAISE_1k/r1e52a39dt.png,real
real_RAISE_1k/r0a19cb85t.png,real
real_RAISE_1k/r02513d19t.png,real
real_RAISE_1k/r1694427et.png,real
real_RAISE_1k/r1bc4e4act.png,real
real_RAISE_1k/r0b3979d0t.png,real
real_RAISE_1k/r0428df0ct.png,real
real_RAISE_1k/r01cf60c7t.png,real
real_RAISE_1k/r0eab8214t.png,real
real_RAISE_1k/r05db7e7ft.png,real
real_RAISE_1k/r13a16a0at.png,real
real_RAISE_1k/r036e2a9at.png,real
real_RAISE_1k/r0b1f92a9t.png,real
real_RAISE_1k/r12f02af5t.png,real
real_RAISE_1k/r1e56884ft.png,real
real_RAISE_1k/r0281b52at.png,real
real_RAISE_1k/r0bc87c20t.png,real
real_RAISE_1k/r11850456t.png,real
real_RAISE_1k/r0c6cf00bt.png,real
real_RAISE_1k/r1f5ad4e0t.png,real
real_RAISE_1k/r1ad9cd64t.png,real
real_RAISE_1k/r097555c4t.png,real
real_RAISE_1k/r0f91360ct.png,real
real_RAISE_1k/r195f12adt.png,real
real_RAISE_1k/r092b4511t.png,real
real_RAISE_1k/r0dd60980t.png,real
real_RAISE_1k/r0fdfc4f0t.png,real
real_RAISE_1k/r0200a7a6t.png,real
real_RAISE_1k/r16192cf0t.png,real
real_RAISE_1k/r0bdc7894t.png,real
real_RAISE_1k/r1db5be20t.png,real
real_RAISE_1k/r1f40decct.png,real
real_RAISE_1k/r0c486c0at.png,real
real_RAISE_1k/r1267fa5bt.png,real
real_RAISE_1k/r04b8473dt.png,real
real_RAISE_1k/r13a5bb6bt.png,real
real_RAISE_1k/r018ba134t.png,real
real_RAISE_1k/r02b3a1ddt.png,real
real_RAISE_1k/r04aceb4et.png,real
real_RAISE_1k/r1126b615t.png,real
real_RAISE_1k/r07e1e8cbt.png,real
real_RAISE_1k/r18fafe10t.png,real
real_RAISE_1k/r08ac875ct.png,real
real_RAISE_1k/r0a5d7cb6t.png,real
real_RAISE_1k/r05f3f6a5t.png,real
real_RAISE_1k/r1a877849t.png,real
real_RAISE_1k/r175da907t.png,real
real_RAISE_1k/r188eb234t.png,real
real_RAISE_1k/r027a692ft.png,real
real_RAISE_1k/r08788547t.png,real
real_RAISE_1k/r198ae140t.png,real
real_RAISE_1k/r0bf1bbect.png,real
real_RAISE_1k/r17217693t.png,real
real_RAISE_1k/r146771d7t.png,real
real_RAISE_1k/r1ef15cb3t.png,real
real_RAISE_1k/r1c83ec1dt.png,real
real_RAISE_1k/r1dd998dft.png,real
real_RAISE_1k/r1a4651edt.png,real
real_RAISE_1k/r192ae577t.png,real
real_RAISE_1k/r13493fa3t.png,real
real_RAISE_1k/r191f3cdet.png,real
real_RAISE_1k/r1b547547t.png,real
real_RAISE_1k/r1378de81t.png,real
real_RAISE_1k/r0e7b407bt.png,real
real_RAISE_1k/r1cc04f4ft.png,real
real_RAISE_1k/r101e18b6t.png,real
real_RAISE_1k/r00617aa1t.png,real
real_RAISE_1k/r12cbfb1et.png,real
real_RAISE_1k/r096982ddt.png,real
real_RAISE_1k/r17c76042t.png,real
real_RAISE_1k/r0bc1a779t.png,real
real_RAISE_1k/r056daad2t.png,real
real_RAISE_1k/r00de2590t.png,real
real_RAISE_1k/r1df374c1t.png,real
real_RAISE_1k/r1c4deb71t.png,real
real_RAISE_1k/r0589558at.png,real
real_RAISE_1k/r0a966704t.png,real
real_RAISE_1k/r110f894ft.png,real
real_RAISE_1k/r13f26c35t.png,real
real_RAISE_1k/r1b17f0f0t.png,real
real_RAISE_1k/r1e8e493ct.png,real
real_RAISE_1k/r1de76a54t.png,real
real_RAISE_1k/r18d1abact.png,real
real_RAISE_1k/r138ceafbt.png,real
real_RAISE_1k/r1800ab47t.png,real
real_RAISE_1k/r1661f358t.png,real
real_RAISE_1k/r1a28d44bt.png,real
real_RAISE_1k/r18302db2t.png,real
real_RAISE_1k/r01474187t.png,real
real_RAISE_1k/r07f22efdt.png,real
real_RAISE_1k/r1a91c337t.png,real
real_RAISE_1k/r021429abt.png,real
real_RAISE_1k/r062b9259t.png,real
real_RAISE_1k/r0b42926ct.png,real
real_RAISE_1k/r00444b95t.png,real
real_RAISE_1k/r14f241e4t.png,real
real_RAISE_1k/r103a4f26t.png,real
real_RAISE_1k/r0b5a3035t.png,real
real_RAISE_1k/r1bfbaab3t.png,real
real_RAISE_1k/r01291f20t.png,real
real_RAISE_1k/r0b7b1156t.png,real
real_RAISE_1k/r01d9da09t.png,real
real_RAISE_1k/r0250eb80t.png,real
real_RAISE_1k/r1a0f5585t.png,real
real_RAISE_1k/r02f5c155t.png,real
real_RAISE_1k/r133bb357t.png,real
real_RAISE_1k/r0a8e5f8at.png,real
real_RAISE_1k/r043951a3t.png,real
real_RAISE_1k/r1c2ac865t.png,real
real_RAISE_1k/r1a845144t.png,real
real_RAISE_1k/r041c02cat.png,real
real_RAISE_1k/r0777fea4t.png,real
real_RAISE_1k/r08b05c94t.png,real
real_RAISE_1k/r1602555bt.png,real
real_RAISE_1k/r15f07f9dt.png,real
real_RAISE_1k/r06aa7dabt.png,real
real_RAISE_1k/r0c8f3ce5t.png,real
real_RAISE_1k/r007f5116t.png,real
real_RAISE_1k/r155fe1fat.png,real
real_RAISE_1k/r1d1445b6t.png,real
real_RAISE_1k/r09efa609t.png,real
real_RAISE_1k/r16dca6f2t.png,real
real_RAISE_1k/r0450c4c0t.png,real
real_RAISE_1k/r1f1a9df4t.png,real
real_RAISE_1k/r1a2095b2t.png,real
real_RAISE_1k/r0ae68527t.png,real
real_RAISE_1k/r1639a65ct.png,real
real_RAISE_1k/r1b57dbb2t.png,real
real_RAISE_1k/r1aa4db16t.png,real
real_RAISE_1k/r1b61c7b1t.png,real
real_RAISE_1k/r16da5576t.png,real
real_RAISE_1k/r1d99d1f3t.png,real
real_RAISE_1k/r0207a52ct.png,real
real_RAISE_1k/r14a51689t.png,real
real_RAISE_1k/r1104e9e6t.png,real
real_RAISE_1k/r0f979863t.png,real
real_RAISE_1k/r129f09b4t.png,real
real_RAISE_1k/r12133015t.png,real
real_RAISE_1k/r1ced1907t.png,real
real_RAISE_1k/r00869422t.png,real
real_RAISE_1k/r1ca0784dt.png,real
real_RAISE_1k/r13bb381ct.png,real
real_RAISE_1k/r08079988t.png,real
real_RAISE_1k/r0dd7b354t.png,real
real_RAISE_1k/r094cf3c6t.png,real
real_RAISE_1k/r11c4de0et.png,real
real_RAISE_1k/r03cef811t.png,real
real_RAISE_1k/r0a42c0f6t.png,real
real_RAISE_1k/r00b3931bt.png,real
real_RAISE_1k/r152d9ff5t.png,real
real_RAISE_1k/r1d9eaf70t.png,real
real_RAISE_1k/r0a776764t.png,real
real_RAISE_1k/r062cab38t.png,real
real_RAISE_1k/r15f16465t.png,real
real_RAISE_1k/r15d1c836t.png,real
real_RAISE_1k/r1c5ec853t.png,real
real_RAISE_1k/r1e3303ebt.png,real
real_RAISE_1k/r0e35d1fct.png,real
real_RAISE_1k/r13ae7d1et.png,real
real_RAISE_1k/r0b03e77at.png,real
real_RAISE_1k/r0f2e6baft.png,real
real_RAISE_1k/r1b790721t.png,real
real_RAISE_1k/r1aa63558t.png,real
real_RAISE_1k/r0c5e9567t.png,real
real_RAISE_1k/r0fae3dbdt.png,real
real_RAISE_1k/r1b09da9ct.png,real
real_RAISE_1k/r035ef2c2t.png,real
real_RAISE_1k/r12cebbd2t.png,real
real_RAISE_1k/r0a31a2cct.png,real
real_RAISE_1k/r1c402787t.png,real
real_RAISE_1k/r1297fd0bt.png,real
real_RAISE_1k/r0a72568ct.png,real
real_RAISE_1k/r17b873bct.png,real
real_RAISE_1k/r1a7346d0t.png,real
real_RAISE_1k/r09579ff2t.png,real
real_RAISE_1k/r0f36ba1bt.png,real
real_RAISE_1k/r0c32591dt.png,real
real_RAISE_1k/r0282ca06t.png,real
real_RAISE_1k/r1f446078t.png,real
real_RAISE_1k/r0db31c3ft.png,real
real_RAISE_1k/r1cd8d9a4t.png,real
real_RAISE_1k/r010cb248t.png,real
real_RAISE_1k/r00c0995ft.png,real
real_RAISE_1k/r1a7b8c42t.png,real
real_RAISE_1k/r0fa077bet.png,real
real_RAISE_1k/r03f70ccdt.png,real
real_RAISE_1k/r1cfc8ddat.png,real
real_RAISE_1k/r084889d5t.png,real
real_RAISE_1k/r11aa1ee3t.png,real
real_RAISE_1k/r181768b7t.png,real
real_RAISE_1k/r022af74ct.png,real
real_RAISE_1k/r0f3f14cbt.png,real
real_RAISE_1k/r131a8f7et.png,real
real_RAISE_1k/r02e1abe2t.png,real
real_RAISE_1k/r066ef803t.png,real
real_RAISE_1k/r0703243bt.png,real
real_RAISE_1k/r1dd9d6bft.png,real
real_RAISE_1k/r040b3002t.png,real
real_RAISE_1k/r0225b88bt.png,real
real_RAISE_1k/r179ed8d7t.png,real
real_RAISE_1k/r06836fdat.png,real
real_RAISE_1k/r0342f22ct.png,real
real_RAISE_1k/r08996953t.png,real
real_RAISE_1k/r12c64de9t.png,real
real_RAISE_1k/r0b50b69ct.png,real
real_RAISE_1k/r052df821t.png,real
real_RAISE_1k/r012d1dbet.png,real
real_RAISE_1k/r0fbb5bc1t.png,real
real_RAISE_1k/r1ca254b2t.png,real
real_RAISE_1k/r1bd70210t.png,real
real_RAISE_1k/r1e9ae164t.png,real
real_RAISE_1k/r13e56300t.png,real
real_RAISE_1k/r1866b73at.png,real
real_RAISE_1k/r0e5dfc8et.png,real
real_RAISE_1k/r1e5c27c1t.png,real
real_RAISE_1k/r07cfb432t.png,real
real_RAISE_1k/r13928401t.png,real
real_RAISE_1k/r06d3ac60t.png,real
real_RAISE_1k/r04989a70t.png,real
real_RAISE_1k/r1db351a2t.png,real
real_RAISE_1k/r1d16ad1et.png,real
real_RAISE_1k/r0a2e85f0t.png,real
real_RAISE_1k/r057282fet.png,real
real_RAISE_1k/r1e367d35t.png,real
real_RAISE_1k/r162b2209t.png,real
real_RAISE_1k/r116825e2t.png,real
real_RAISE_1k/r12a7e9b5t.png,real
real_RAISE_1k/r0d61db4ct.png,real
real_RAISE_1k/r1c1e3ec9t.png,real
real_RAISE_1k/r0a18e454t.png,real
real_RAISE_1k/r0249f733t.png,real
real_RAISE_1k/r08b12799t.png,real
real_RAISE_1k/r133c5a52t.png,real
real_RAISE_1k/r17afaaa1t.png,real
real_RAISE_1k/r09851aa4t.png,real
real_RAISE_1k/r137bcd7at.png,real
real_RAISE_1k/r0cea5432t.png,real
real_RAISE_1k/r0c9e4ff8t.png,real
real_RAISE_1k/r03f41fdct.png,real
real_RAISE_1k/r11e134c7t.png,real
real_RAISE_1k/r1bc92a89t.png,real
real_RAISE_1k/r1d527f65t.png,real
real_RAISE_1k/r0b665b37t.png,real
real_RAISE_1k/r0f3569c0t.png,real
real_RAISE_1k/r1986e42bt.png,real
real_RAISE_1k/r1ad2de34t.png,real
real_RAISE_1k/r05647b9at.png,real
real_RAISE_1k/r17492cd5t.png,real
real_RAISE_1k/r026b5360t.png,real
real_RAISE_1k/r0b4d8af5t.png,real
real_RAISE_1k/r0f91c753t.png,real
real_RAISE_1k/r085bdbe2t.png,real
real_RAISE_1k/r19b49f2ct.png,real
real_RAISE_1k/r1828d94at.png,real
real_RAISE_1k/r12a97b08t.png,real
real_RAISE_1k/r0f6250d2t.png,real
real_RAISE_1k/r0b82ae9bt.png,real
real_RAISE_1k/r1dbe1b11t.png,real
real_RAISE_1k/r039a851bt.png,real
real_RAISE_1k/r1683028at.png,real
real_RAISE_1k/r0b61ed37t.png,real
real_RAISE_1k/r05d35656t.png,real
real_RAISE_1k/r11bf0779t.png,real
real_RAISE_1k/r10c5fc29t.png,real
real_RAISE_1k/r0648cff8t.png,real
real_RAISE_1k/r1ee6f90et.png,real
real_RAISE_1k/r16144fa2t.png,real
real_RAISE_1k/r0314c3f9t.png,real
real_RAISE_1k/r170b020bt.png,real
real_RAISE_1k/r14c67ed2t.png,real
real_RAISE_1k/r13fccd2ft.png,real
real_RAISE_1k/r0e5b5159t.png,real
real_RAISE_1k/r04317453t.png,real
real_RAISE_1k/r0c2fb2a1t.png,real
real_RAISE_1k/r0527f7e6t.png,real
real_RAISE_1k/r061e2ecft.png,real
real_RAISE_1k/r164c1e13t.png,real
real_RAISE_1k/r02897203t.png,real
real_RAISE_1k/r14dd8f91t.png,real
real_RAISE_1k/r0d203f37t.png,real
real_RAISE_1k/r1bc3dd23t.png,real
real_RAISE_1k/r13934dc7t.png,real
real_RAISE_1k/r061db45ft.png,real
real_RAISE_1k/r1aa4cc99t.png,real
real_RAISE_1k/r029afdb0t.png,real
real_RAISE_1k/r12cf98bet.png,real
real_RAISE_1k/r1c1fef8ft.png,real
real_RAISE_1k/r0a10fe29t.png,real
real_RAISE_1k/r1070b804t.png,real
real_RAISE_1k/r0cfedd72t.png,real
real_RAISE_1k/r16a02a12t.png,real
real_RAISE_1k/r05ac4560t.png,real
real_RAISE_1k/r06b7849at.png,real
real_RAISE_1k/r1c9fc42at.png,real
real_RAISE_1k/r19d72b0ct.png,real
real_RAISE_1k/r142787e2t.png,real
real_RAISE_1k/r0d0ff43at.png,real
real_RAISE_1k/r08873591t.png,real
real_RAISE_1k/r00b8d4a2t.png,real
real_RAISE_1k/r1a1d7e72t.png,real
real_RAISE_1k/r0a3c52a0t.png,real
real_RAISE_1k/r0a2ff882t.png,real
real_RAISE_1k/r01559391t.png,real
real_RAISE_1k/r0fbf62f8t.png,real
real_RAISE_1k/r0965e155t.png,real
real_RAISE_1k/r001d260dt.png,real
real_RAISE_1k/r1023c21et.png,real
real_RAISE_1k/r028896d3t.png,real
real_RAISE_1k/r0e63dd12t.png,real
real_RAISE_1k/r068812d7t.png,real
real_RAISE_1k/r15a0b476t.png,real
real_RAISE_1k/r0287344at.png,real
real_RAISE_1k/r11865f77t.png,real
real_RAISE_1k/r0fa22d02t.png,real
real_RAISE_1k/r13073518t.png,real
real_RAISE_1k/r140f3432t.png,real
real_RAISE_1k/r1148801et.png,real
real_RAISE_1k/r1f2f31e2t.png,real
real_RAISE_1k/r15c91802t.png,real
real_RAISE_1k/r1e79c6f9t.png,real
real_RAISE_1k/r1db1c478t.png,real
real_RAISE_1k/r00879054t.png,real
real_RAISE_1k/r094ced7bt.png,real
real_RAISE_1k/r1aa53167t.png,real
real_RAISE_1k/r0ba4c4c0t.png,real
real_RAISE_1k/r04eda41ct.png,real
real_RAISE_1k/r159d3942t.png,real
real_RAISE_1k/r09f764ect.png,real
real_RAISE_1k/r06cad2d6t.png,real
real_RAISE_1k/r1e3b4cdft.png,real
real_RAISE_1k/r06b161adt.png,real
real_RAISE_1k/r12f3bbfat.png,real
real_RAISE_1k/r125f6e84t.png,real
real_RAISE_1k/r03193652t.png,real
real_RAISE_1k/r1aa43470t.png,real
real_RAISE_1k/r1a0968bft.png,real
real_RAISE_1k/r181d64eat.png,real
real_RAISE_1k/r01170470t.png,real
real_RAISE_1k/r108ae9b6t.png,real
real_RAISE_1k/r06bfc92at.png,real
real_RAISE_1k/r145215fft.png,real
real_RAISE_1k/r0dd6e8f4t.png,real
real_RAISE_1k/r0603031et.png,real
real_RAISE_1k/r0809811bt.png,real
real_RAISE_1k/r1aa7459at.png,real
real_RAISE_1k/r1e69b067t.png,real
real_RAISE_1k/r0fef53bft.png,real
real_RAISE_1k/r1655a008t.png,real
real_RAISE_1k/r1a7bb1d6t.png,real
real_RAISE_1k/r1dbef145t.png,real
real_RAISE_1k/r0487f5cet.png,real
real_RAISE_1k/r1bf7ff83t.png,real
real_RAISE_1k/r129f24bet.png,real
